Permit Number,Permit Type,Property Address,Permit Issuance Date,Valuation,Total Fees Paid,Description of Work,Primary Contractor Company Name,Trade Contractors
23NCR-0346,Re-Roof - Residential,"546 N MAIN ST, NORTH CANTON, OH 44720",9/1/2023,$150.00 ,$151.50 ,"REROOF, 2 LAYERS REMOVED, NO OVERLAY, INSULATED, 4/12 PITCH, REPLACE UNDERLAYUMENT, GAF BARKWOOD DIMENSIIONAL, GAF",ABF ROOFING & RESTORATION LLC,
23NCRP-0222,Plumbing Permit - Residential,"2833 MT PLEASANT ST NW, NORTH CANTON, OH 44720",9/1/2023,$150.00 ,$151.50 ,NEW WATER SERVICE - OUTSIDE OF CITY,JEM Plumbing Inc.,
23NCZ-0162,Fence,"919 7TH ST NW, NORTH CANTON, OH 44720",9/1/2023,"$7,721.69 ",$75.00 ,6' VINYL REAR YARD,SUPERIOR FENCE AND RAIL OF AKRON,
23NCCE-0083,Electrical Permit - Commercial,"1694 S MAIN ST, NORTH CANTON, OH 44720",9/5/2023,"$1,700.00 ",$77.25 ,PANEL CHANGE,TWO NICKS ELECTRIC LLC,
23NCCM-0039,Mechanical Permit - Commercial,"600 S MAIN ST, NORTH CANTON, OH 44720",9/5/2023,"$1,000.00 ",$77.25 ,REPLACING FURNACE & A/C,SITTLER ENTERPRISES - QUALITY HEATING AND COOLING,
23NCRE-0175,Electrical Permit - Residential,"354 LINDY LANE AVE NW, NORTH CANTON, OH 44720",9/5/2023,"$2,700.00 ",$75.75 ,SERVICER CHANGE.,HILSCHER-CLARKE ELECTRIC CO,
23NCRM-0197,Mechanical Permit - Residential,"526 MORELLO ST SW, NORTH CANTON, OH 44720",9/5/2023,$100.00 ,$75.75 ,REPLACING FURNACE AND A/C,SITTLER ENTERPRISES - QUALITY HEATING AND COOLING,
23NCRM-0198,Mechanical Permit - Residential,"155 KANDEL CIR SE, NORTH CANTON, OH 44720",9/5/2023,$150.00 ,$75.75 ,GAS FURNACE AND A/C REPLACEMENTS,Blind & Sons,
23NCRP-0220,Plumbing Permit - Residential,"205 5TH ST NW, NORTH CANTON, OH 44720",9/5/2023,$150.00 ,$75.75 ,Replace gas ball valve,THAT HANDYMAN DBA THAT PLUMBER,
23NCRP-0232,Plumbing Permit - Residential,"835 Hillcrest Ave SW, North Canton, OH 44720",9/5/2023,$759.00 ,$75.75 ,replace Rheem 40 gal gas hwt $759 for David Boord 330-806-3002,APPC PLUMBING,
23NCZ-0148,Sign Permit,"1305 JONATHAN AVE SW, NORTH CANTON, OH 44720",9/5/2023,$100.00 ,$100.00 ,FACE CHANGE FOR SCHOOL SIGN,VER - MICH LTD DBA MIDWEST SIGN CENTER,
23NCCF-0014,Fire Alarm,"821 S MAIN ST, NORTH CANTON, OH 44720",9/6/2023,,$265.74 ,TAKE OVER COMMUNICATION FOR FIRE PANEL,PROTECH SECURITY,
23NCCM-0040,Mechanical Permit - Commercial,"175 APPLEGROVE ST APT C10, NORTH CANTON, OH 44720",9/6/2023,$75.00 ,$77.25 ,REPLACEMENT FURN AND AIR,WYLES HEATING & AIR COND,
23NCCP-0022,Plumbing Permit - Commercial,"320 7TH ST NE, NORTH CANTON, OH 44720",9/6/2023,"$1,500,000.00 ",$940.91 ,"GIRLS SOFTBALL FIELD HOUSE - INDOOR PRACTICE FACILITY, COACHES OFFICE AND LOCKER ROOMS FOR THE VARSITY SOFTBALL PROGRAM. ALSO CONCESSION SPACE AND PUBLIC RESTROOMS.",R T HAMPTON PLUMBING & HEATING,
23NCR-0345,Window Replacement - Residential,"1269 CHANDLER AVE SW, NORTH CANTON, OH 44720",9/6/2023,"$14,624.00 ",$176.75 ,"REMOVE AND REPLACE 9 WINDOWS, SAME SIZE, NO STRUCTURAL CHANGE",Window Nation,
23NCR-0347,Window Replacement - Residential,"519 WOODSIDE AVE NE, NORTH CANTON, OH 44720",9/6/2023,"$2,014.41 ",$176.75 ,REPLACING 6 BASEMENT WINDOWS WITH GLASS BLOCK WINDOWS.,PD12-INC DBA STARK GLASS BLOCK,
23NCR-0349,Re-Roof - Residential,"310 WINSTON AVE NE, NORTH CANTON, OH 44720",9/6/2023,$200.00 ,$303.00 ,"REROOF, 1 LAYER REMOVED, NO OVERLAY, INSULATION, 8/12 PITCH, REPLACEING UNDERLAYMENT, DIMENSIONAL, IKO",,
23NCR-0350,Re-Roof - Residential,"719 FAIRVIEW ST SE, NORTH CANTON, OH 44720",9/6/2023,"$10,900.00 ",$151.50 ,"ROOF - 1 LAYER REMOVED, NOT OVERLAYED, INSULATED, 8/12 PITCH, REPLACE UNDERLAYMENT, DIMENSIONAL SHINGLES",Crest Roofing Srvs Inc,
23NCRD-0018,Demolition,"301 MISSISSIPPI ST SE, NORTH CANTON, OH 44720",9/6/2023,$75.00 ,"$1,075.00 ",DEMO OF DETACHED GARAGE,MELEY LIGHT EXCAVATION LLC,
23NCRE-0192,Electrical Permit - Residential,"336 LINDY LANE AVE NW, NORTH CANTON, OH 44720",9/6/2023,$250.00 ,$75.75 ,SERVICE CHANGE,,
23NCRM-0123,Mechanical Permit - Residential,"945 PEPPERGRASS DR NE, NORTH CANTON, OH 44720",9/6/2023,"$600,000.00 ",$327.28 ,SINGLE-FAMILY HOME.,ZONED COMFORT HEATING & COOLING,
23NCRM-0199,Mechanical Permit - Residential,"536 W MAPLE ST, NORTH CANTON, OH 44720",9/6/2023,$75.00 ,$75.75 ,REPLACEMENT AIR COND,WYLES HEATING & AIR COND,
23NCRM-0201,Mechanical Permit - Residential,"7760 BRITTANNY DR NE, NORTH CANTON, OH 44720",9/6/2023,"$6,000.00 ",$75.75 ,REPLACEMENT AIR COND,Crown Heating & Cooling,
23NCRP-0239,Plumbing Permit - Residential,"1850 BEECHWOOD AVE NE, NORTH CANTON, OH 44720",9/6/2023,$75.00 ,$75.75 ,REPLACE DEFECTIVE SHUTOFF GAS VALVE,ESP SERVICES INC,
23NCZ-0161,Fence,"1130 S MAIN ST, NORTH CANTON, OH 44720",9/6/2023,"$20,000.00 ",$75.00 ,6' CHAIN LINK FENCE,Nichols Fence Co.,
23NCZ-0163,Fence,"1120 S MAIN ST, NORTH CANTON, OH 44720",9/6/2023,"$20,000.00 ",$75.00 ,6' CHAIN LINK FENCE,Nichols Fence Co.,
23NCZ-0164,Fence,"119 ROSE LANE ST SE, NORTH CANTON, OH 44720",9/6/2023,"$20,000.00 ",$75.00 ,6' CHAIN LINK FENCE,Nichols Fence Co.,
23NCB-0006,Driveway/Walkway,"143 Woodside Ave Ne, North Canton, OH 44720",9/7/2023,"$4,000.00 ",$75.00 ,Install new concrete driveway to corner of house. 30?x8?,DIMARZIO CONSTRUCTION,
23NCEN-0079,Street Opening,"1445 N MAIN ST, NORTH CANTON, OH 44720",9/7/2023,$250.00 ,$250.00 ,INSTALL A SHORT SIDE GAS SERVICE LINE,G & R Excavating Company Inc DBA Whitt's Welding & Pipeline,
23NCEN-0080,Sewer Repair,"1026 WOODROW ST NW, NORTH CANTON, OH 44720",9/7/2023,,$75.75 ,REPAIRING THE SEWER.,CANTON STARK COUNTY SEWER CLEANING INC,
23NCEN-0081,New Water Service - Outside City Limits,"3162 LEE RD, NORTH CANTON, OH 44720",9/7/2023,,$151.50 ,OUT OFCITY WATER,BUCKEYE PLUMBING,
23NCR-0331,Waterproofing - Residential,"172 MAPLECREST ST SW, NORTH CANTON, OH 44720",9/7/2023,"$4,776.00 ",$75.75 ,INSTALLING 17 LNFT OF INTERIOR BASEMENT WATERPROOFING WITH NEW SUMP SYSTEM. LICENSED ELECTRICIAN TO PULL OWN PERMIT TO INSTALL DEDICATED GFCI OUTLET FOR SUMP PUMP.,"Pioneer Basement Waterproofing, Inc.",
23NCRM-0206,Mechanical Permit - Residential,"1928 WYNSTONE CIR NE, NORTH CANTON, OH 44720",9/7/2023,$75.00 ,$75.75 ,REPLACING FURNACE AND A/C.,Blind & Sons,
23NCRP-0251,Plumbing Permit - Residential,"1090 WEDGEFIELD CT NE, NORTH CANTON, OH 44720",9/7/2023,"$7,024.39 ",$75.00 ,RAINBIRD.,Naragon Companies Inc,
23NCZ-0165,Sidewalk Repair/Replace,"476 DILLON CIR NE, NORTH CANTON, OH 44720",9/7/2023,"$2,000.00 ",$50.00 ,CONCRETE APRON / SIDEWALK,Russo Concrete LLC,
23NCCE-0036,Electrical Permit - Residential,"1111 GLENWOOD ST SW, NORTH CANTON, OH 44720",9/8/2023,$75.00 ,$296.17 ,FIRE; REPAIRING DAMAGE,CANAL FULTON ENTERPRISES,
23NCCM-0021,Mechanical Permit - Commercial,"221 APPLEGROVE ST, NORTH CANTON, OH 44720",9/8/2023,"$5,400,000.00 ",$959.73 ,NEW SGT CLEAN CAR WASH,Bernard Mechanical,
23NCCM-0030,Mechanical Permit - Commercial,"320 7TH ST NE, NORTH CANTON, OH 44720",9/8/2023,"$1,500,000.00 ",$940.91 ,"GIRLS SOFTBALL FIELD HOUSE - INDOOR PRACTICE FACILITY, COACHES OFFICE AND LOCKER ROOMS FOR THE VARSITY SOFTBALL PROGRAM. ALSO CONCESSION SPACE AND PUBLIC RESTROOMS.",,
23NCEN-0085,New Water Service - Outside City Limits,"4990 DRESSLER RD NW, NORTH CANTON, OH 44720",9/8/2023,,$75.00 ,NOODLES AND MATTRESS PLACE ,,
23NCR-0334,Window Replacement - Residential,"348 REED AVE NW, NORTH CANTON, OH 44720",9/8/2023,"$12,850.00 ",$176.75 ,"REPLACING WINDOWS IN KITCHEN, BATH, AND BEDROOMS. SEVEN (7) WINDOWS TOTAL.",UNIVERSAL WINDOWS DIRECT,
23NCR-0353,Re-Roof - Residential,"1604 AMBLER AVE SW, NORTH CANTON, OH 44720",9/8/2023,"$14,140.00 ",$151.50 ,"ROOF - 1 LAYER RMEOVED, NOT OVERLAYED, NOT INSULATED, 5/12 PITCH, REPLACE UNDERLAYMENT, ARCHITECTURAL SHINGLES",COUNTRY ROOFING LLC,
23NCR-0354,Re-Roof - Residential,"302 SUMMIT ST SW, NORTH CANTON, OH 44720",9/8/2023,"$15,000.00 ",$151.50 ,"ROOF - 1 LAYER REMOVED, INSULATED, 7/12 PITCH, REPLACE UNDERLAYMENT, ASPHALT SHINGLES",M D HOME SERVICES INC,
23NCRM-0202,Mechanical Permit - Residential,"131 9TH ST NE, NORTH CANTON, OH 44720",9/8/2023,$75.00 ,$75.75 ,GAS VALVES,Bryant Heating & Cooling,
23NCRM-0203,Mechanical Permit - Residential,"606 4TH ST NE, NORTH CANTON, OH 44720",9/8/2023,$75.00 ,$75.75 ,GAS VALVES,Bryant Heating & Cooling,
23NCRM-0204,Mechanical Permit - Residential,"119 WOODSIDE AVE NE, NORTH CANTON, OH 44720",9/8/2023,$75.00 ,$75.75 ,GAS VALVES,Bryant Heating & Cooling,
23NCRM-0205,Mechanical Permit - Residential,"910 N MAIN ST, NORTH CANTON, OH 44720",9/8/2023,$75.00 ,$75.75 ,GAS VALVES,Bryant Heating & Cooling,
23NCZ-0141,Temporary Tent,"2020 EAST MAPLE , NORTH CANTON, OH 44720",9/8/2023,$75.00 ,$75.00 ,2-20 X 20 FRAME TENTS ON WALSH U CAMPUS FOR WELCOME WEEKEND. ONE TEBT INSTALLED ON ASPHALT AND ANCHORED WITH CEMENT WEIGHTS. THE OTHER TENT WILL BE ANCHORED BY STAKE IN THE GRASS.,,
23NCZ-0152,Parking Lot Resurfacing,"1000 SCHNEIDER ST NE, NORTH CANTON, OH 44720",9/8/2023,"$10,925.00 ",$150.00 ,REPAVING THE PARKING LOT.,CARDINAL ASPHALT COMPANY INC,
20NCEN-0023,New Water Service - Outside City Limits,"6000 FRANK AVE NW NORTH, NORTH CANTON, OH 44720",9/11/2023,$154.00 ,$154.50 ,OUT OF CITY WATER,,
23NCB-0007,Single Family Dwelling,"900 HONEYSUCKLE CIR NE, NORTH CANTON, OH 44720",9/11/2023,"$365,458.25 ","$1,023.85 ",NEW HOME,Wayne Homes,
23NCCF-0012,Fire Sprinklers,"6100 WHIPPLE AVE NW, NORTH CANTON, OH 44720",9/11/2023,"$69,500.00 ","$2,045.60 ",HOSPITAL RENOVATIONS.,AUTOMATIC FIRE PROTECTION,
23NCCF-0015,Fire Sprinklers,"1505 North Main Street, North Canton, OH 44720",9/11/2023,"$15,000,000.00 ","$17,508.58 ","FIRE SPRINKLER FOR 159,010 sf Meijer Supercenter",RG FIRE PROTECTION,
23NCEN-0082,Sewer Connection - New,"900 HONEYSUCKLE CIR NE, NORTH CANTON, OH 44720",9/11/2023,,"$2,500.00 ",NEW HOME,,
23NCR-0329,Residential Addition,"420 WINSTON AVE NE, NORTH CANTON, OH 44720",9/11/2023,"$85,000.00 ",$337.15 ,20 X 20 ADDITION WITH FIRST FLOOR LAUNDRY,PAT SHANNON CONSTRUCTION INC,
23NCR-0343,Pool/Hot Tub -Residential,"130 9TH ST NE, NORTH CANTON, OH 44720",9/11/2023,"$5,200.00 ",$75.00 ,INGROUND HOT TUB IN REAR YARD ON CONCRETE PAD.,Ryan Electric,
23NCR-0357,Re-Roof - Residential,"1333 VALLEY DR NW, NORTH CANTON, OH 44720",9/11/2023,"$1,000.00 ",$151.50 ,"REROOF, 1 LAYER TO BE REMOVED, NO INSULATION, 4/12 PITCH, REPL;ACE UNDERLAYMENT, LANDMARK, CERTAINTEED",TERRY FRIEL,
23NCR-0359,Re-Roof - Residential,"837 W MAPLE ST, NORTH CANTON, OH 44720",9/11/2023,"$8,200.00 ",$151.50 ,"REROOF, 1 LAYER REMOVED, NO INSULATION, 4/12 PITCH, REPLACE UNDERLAYMENT, DIMENSIONAL, CERTAINTEED.",,
23NCRM-0209,Mechanical Permit - Residential,"366 SUNNYFIELD DR NE, NORTH CANTON, OH 44720",9/11/2023,$150.00 ,$75.75 ,REPLACING A/C & AIR HANDLER,SITTLER ENTERPRISES - QUALITY HEATING AND COOLING,
23NCRM-0210,Mechanical Permit - Residential,"1346 EASTHILL ST SE, NORTH CANTON, OH 44720",9/11/2023,$150.00 ,$75.75 ,INSTALLING A/C.,SITTLER ENTERPRISES - QUALITY HEATING AND COOLING,
23NCRM-0211,Mechanical Permit - Residential,"1406 RED COACH ST SE, NORTH CANTON, OH 44720",9/11/2023,"$4,460.00 ",$75.75 ,REPLACE FURNACE,Miracle Plumbing & Heating,
23NCR-0358,Window Replacement - Residential,"236 EASTBURY AVE NE, NORTH CANTON, OH 44720",9/12/2023,"$20,987.00 ",$176.75 ,"REMOVE AND REPLACE 8 TWO LITE SLIDER WINDOWS, 6 DFOUBLE HUNG WINDOWS AND SLIDING GLASS PATIO DOOR. NO ALTERATIONS.",UNIVERSAL WINDOWS DIRECT,
23NCRE-0194,Electrical Permit - Residential,"1610 CHADFORD GATE SE, NORTH CANTON, OH 44720",9/12/2023,"$2,500.00 ",$75.75 ,ELECTRIC FOR INGROUND SWIMMING POOL,DURANT ELECTRIC LLC,
23NCRM-0212,Mechanical Permit - Residential,"730 W MAPLE ST, NORTH CANTON, OH 44720",9/12/2023,$150.00 ,$75.75 ,REPLACING FURNACE AND A/C.,SITTLER ENTERPRISES - QUALITY HEATING AND COOLING,
23NCRM-0213,Mechanical Permit - Residential,"1307 CLEARMOUNT AVE SE, NORTH CANTON, OH 44720",9/12/2023,$250.00 ,$75.75 ,REPLACE FURNACE & A/C,Ameripro Plumbing & Heating LLC,
23NCRM-0215,Mechanical Permit - Residential,"202 ROYER AVE NW, NORTH CANTON, OH 44720",9/12/2023,"$2,500.00 ",$75.75 ,A/C INSTALLMENT,,
23NCRP-0255,Plumbing Permit - Residential,"715 BROWNING AVE NW, NORTH CANTON, OH 44720",9/12/2023,$100.00 ,$75.75 ,GAS LINE VALVE REPLACEMENT.,WHISLER PLUMBING,
23NCB-0009,Single Family Dwelling,"1330 SHILOH RUN SE, NORTH CANTON, OH 44720",9/13/2023,"$990,000.00 ","$1,557.64 ",NEW SINGLE FAMILY HOME,REMBRANDT HOMES,
23NCCM-0016,Mechanical Permit - Commercial,"1113 BECKFORD PLACE, NORTH CANTON, OH 44720",9/13/2023,$77.00 ,$77.25 ,WATER HEATER - UNIT 152,Forquer Heating & AC,
23NCR-0355,Deck,"1610 CHADFORD GATE SE, NORTH CANTON, OH 44720",9/13/2023,"$26,738.00 ",$377.75 ,"BUILDING 26'6"" X 20' PAVILION ROOF OVER BACKYARD PATIO",DUTCHMEN DECKS,
23NCR-0356,Pool/Hot Tub -Residential,"335 SUNNYFIELD DR NE, NORTH CANTON, OH 44720",9/13/2023,"$15,000.00 ",$75.00 ,"ABOVE GROUND, REAR YARD, YES TO CURRENT FENCE","Litehouse Products, LLC",
23NCR-0362,Window Replacement - Residential,"202 ROYER AVE NW, NORTH CANTON, OH 44720",9/13/2023,"$5,000.00 ",$176.75 ,REPLACING 7 WINDOWS AND 2 MAIN DOORS. PUTTING IN NEW GARAGE DOOR (NO DOOR THERE NOW). RAISING FOUNDATION OF KITCHEN UP 5 INCHES AND PUTTING IN POSTS TO SUPPORT.,,
23NCR-0364,Re-Roof - Residential,"431 MARQUARDT AVE NE, NORTH CANTON, OH 44720",9/13/2023,$150.00 ,$151.50 ,"REROOF, 1 LAYER REMOVED, NO OVERLAY, INSULATION, 4/12 PITCH, REPLACE UNDERLAYMENT, LANDMARKS, CERTAINTEED.",SHAFER ROOFING,
23NCRM-0214,Mechanical Permit - Residential,"1145 S MAIN ST UNIT 106, NORTH CANTON, OH 44720",9/13/2023,$150.00 ,$75.75 ,REPLACING A/C.,Forquer Heating & AC,
23NCRM-0216,Mechanical Permit - Residential,"1145 S MAIN ST UNIT 208, NORTH CANTON, OH 44720",9/13/2023,$200.00 ,$77.25 ,REPLACING A/C.,Forquer Heating & AC,
23NCRM-0217,Mechanical Permit - Residential,"1566 SPERRY LN SE, NORTH CANTON, OH 44720",9/13/2023,"$2,500.00 ",$75.75 ,FURNACE REPLACEMENT,,SNYDER'S SERVICE NOW
23NCZ-0166,Parking Lot Resurfacing,"1425 S MAIN ST, NORTH CANTON, OH 44720",9/13/2023,"$63,000.00 ",$75.00 ,REPAVING THE FUNERAL HOME. NOTHING BEING DONE TO THE APRON OR ENTRANCE OF THE FUNERAL HOME.,Russo Concrete LLC,
23NCR-0361,Waterproofing - Residential,"145 HALLUM ST SW, NORTH CANTON, OH 44720",9/14/2023,"$3,565.00 ",$341.25 ,INSTALLING 13 LNFT INTERIOR BASEMENT WATERPROOFING WITH NEW SUMP PUMP.,"Pioneer Basement Waterproofing, Inc.",
23NCR-0363,Re-Roof - Residential,"1333 BUTLER ST SE, NORTH CANTON, OH 44720",9/14/2023,"$13,800.00 ",$151.50 ,"REROOF, 1 LAYERT REMOVED, NO OVERLAY, NO INSULATION, 4/12 PITCH, REPLACE UNDERLAYMENT, ARCHITECTURAL, CERTAINTEED.",COUNTRY ROOFING LLC,
23NCRP-0254,Plumbing Permit - Residential,"444 N MAIN ST, NORTH CANTON, OH 44720",9/14/2023,$75.00 ,$75.75 ,"WASTE AND OVERFLOW DRAIN, BOILER DRAIN, GAS VALVES",THAT HANDYMAN DBA THAT PLUMBER,
23NCZ-0167,Sidewalk Repair/Replace,"425 SUTTON AVE NE, NORTH CANTON, OH 44720",9/14/2023,$400.00 ,$75.75 ,REPLACE SIDEWALK/CURB-ASPHALT,,MCBURNEY CONCRETE
23NCZ-0168,Driveway/Walkway,"425 SUTTON AVE NE, NORTH CANTON, OH 44720",9/14/2023,"$8,000.00 ",$75.75 ,?,,MCBURNEY CONCRETE
23NCCE-0037,Electrical Permit - Commercial,"221 APPLEGROVE ST, NORTH CANTON, OH 44720",9/15/2023,"$5,400,000.00 ",$959.73 ,NEW SGT CLEAN CAR WASH,NOVA ELECTRIC LLC,
23NCR-0342,Pool/Hot Tub -Residential,"1610 CHADFORD GATE SE, NORTH CANTON, OH 44720",9/15/2023,"$65,000.00 ",$150.10 ,"INGROUND SWIMMING POOL IN REAR YARD, NO FENCE.",PRECISION EXCAVATING AND TRUCKING,
23NCR-0360,Residential Alteration,"230 SUMMIT ST SE, NORTH CANTON, OH 44720",9/15/2023,"$4,946.00 ",$376.55 ,INSTALLING 44 LNFT INTERIOR BASEMENT WATERPROOFING WITH NEW SUMP PUMP.,"Pioneer Basement Waterproofing, Inc.",
23NCR-0365,Residential Alteration,"2037 50TH ST SE, NORTH CANTON, OH 44720",9/15/2023,"$12,975.00 ",$282.50 ,INSTALLING 22 LNFT ECTERIOR WATERPROOFING WITH NEW SUMP SYSTEM. INSTALLING 5 INVISIBEAM STABILIZATION SYSTEM STRAPS.,"Pioneer Basement Waterproofing, Inc.",
23NCRE-0198,Electrical Permit - Residential,"206 PERSHING AVE NE, NORTH CANTON, OH 44720",9/15/2023,$200.00 ,$75.75 ,INSTALL ONE (1) GFCI,TWO NICKS ELECTRIC LLC,
23NCZ-0169,Fence,"628 WOODROW ST NW, NORTH CANTON, OH 44720",9/15/2023,"$6,800.00 ",$75.00 ,4' ALUMINUM FENCE,,Southway Fence Company
23NCZ-0170,Shed (Zoning Only),"1350 S MAIN ST, NORTH CANTON, OH 44720",9/15/2023,,$75.00 ,SHED 16'X10',,
23NCEN-0083,Street Opening,"816 OAKRIDGE ST SW, NORTH CANTON, OH 44720",9/18/2023,"$5,000.00 ",$250.00 ,INSTALL A SHORT SIDE GAS LINE. 3x3 CUT.,Middleton Mechanical LLC,
23NCEN-0084,Sewer Connection - New,"1330 SHILOH RUN SE, NORTH CANTON, OH 44720",9/18/2023,,"$2,500.00 ",NEW SINGLE FAMILY HOME,BONTRAGER EXCAVATING LTD,
23NCR-0351,Window Replacement - Residential,"1418 LIPTON AVE SW, NORTH CANTON, OH 44720",9/18/2023,"$4,712.00 ",$75.75 ,REPLACING FRONT ENTRY AND STORM - SAME SIZE AS EXISTING,Joyce Factory Direct,
23NCR-0368,Residential Alteration,"339 SUTTON AVE NE, NORTH CANTON, OH 44720",9/18/2023,"$15,000.00 ",$184.83 ,"LIGHTING OVER SINK/KITCHEN, NEW OUTLETS AND SWITCHES, NEW SINK, FAUCET, DISPOSAL FLANGE, AND GARBAGE DISPOSAL.",BOLON'S CUSTOM KITCHENS,BOLON'S CUSTOM KITCHENS
23NCR-0369,Window Replacement - Residential,"308 HEATHERWOOD ST SW, NORTH CANTON, OH 44720",9/18/2023,$750.00 ,$176.75 ,REPLACE 2 WINDOWS IN GARAGE WITH GLASS BLOCK WINDOWS.,,PD12-INC DBA STARK GLASS BLOCK
23NCR-0370,Re-Roof - Residential,"132 10TH ST NE, NORTH CANTON, OH 44720",9/18/2023,"$11,000.00 ",$151.50 ,"REROOF, 1 LAYER REMOVED, NO OVERLAY, INSULATED, 12/12 PITCH, REPLACE UNDERLAYMENT, DIMENSIONAL, OWENS CORNING,",WEATHERSEAL HOME SERVICES,
23NCEN-0074,Street Opening,"1581 ELBERTA AVE SW, NORTH CANTON, OH 44720",9/19/2023,"$10,250.00 ",$250.00 ,INSTALL A LONG SIDE GAS SERVICE LINE,Middleton Mechanical LLC,
23NCEN-0087,Sewer Repair,"1616 WILBUR DR NE, NORTH CANTON, OH 44720",9/19/2023,,$75.75 ,SEWER REPAIR.,CANTON STARK COUNTY SEWER CLEANING INC,
23NCR-0337,Residential Alteration,"425 PEBBLEBROOK DR SW, NORTH CANTON, OH 44720",9/19/2023,"$28,000.00 ",$201.00 ,ADDITION-NEW COMPOSITE DECK.,WOODLAND DECK COMPANY,
23NCRP-0226,Plumbing Permit - Residential,"551 STRATAVON DR NW, NORTH CANTON, OH 44720",9/19/2023,$75.00 ,$75.75 ,"INSTALLED CROCK IN BASEMENT, RAN SINK & LAUNDRY TO IT AND TIED INTO SANITARY",DYNAMERICAN,
23NCRP-0259,Plumbing Permit - Residential,"416 WERSTLER AVE NW, NORTH CANTON, OH 44720",9/19/2023,$200.00 ,$75.75 ,REPLACING WATER HEATER,H JACKS PLUMBING & HEATING CO OF MENTOR,
23NCR-0372,Window Replacement - Residential,"722 GLENDALE ST SW, NORTH CANTON, OH 44720",9/20/2023,"$6,914.00 ",$176.75 ,REMOVE AND REPLACE 5 WINDOWS. NO STRUCTURAL CHANGE.,Window Nation,
23NCZ-0171,Fence,"416 WERSTLER AVE NW, NORTH CANTON, OH 44720",9/20/2023,"$1,000.00 ",$75.00 ,PRESSURE TREATED YELLOW PINE 5 FOOT FENCE,,
23NCCE-0085,Electrical Permit - Commercial,"906 1/2 E Maple Street, North Canton, OH 44720",9/21/2023,"$25,000.00 ",$77.25 ,NEW TRAFFIC SIGNAL,PERRAM ELECTRIC / LAMPION COMPANIES,
23NCCE-0086,Electrical Permit - Commercial,"202 1/2 CHARLOTTE ST SW, NORTH CANTON, OH 44720",9/21/2023,"$25,000.00 ",$77.25 ,NEW STREET LIGHTING SERVICE AT CLEARMOUNT SCHOOL AND THE ROUND ABOUT ON CHARLOTTE.,PERRAM ELECTRIC / LAMPION COMPANIES,
23NCEN-0088,Sewer Repair,"1392 CIRCLE HILL RD SE, NORTH CANTON, OH 44720",9/21/2023,,$75.75 ,SEWER REPAIR,H JACKS PLUMBING & HEATING CO OF MENTOR,
23NCR-0376,Re-Roof - Residential,"502 5TH ST NW, NORTH CANTON, OH 44720",9/21/2023,"$23,818.22 ",$151.50 ,"REROOF, 1 LAYER REMOVED, NO OVERLAY, INSULATION, 4/12 PITCH, ASPHALT, GAF",Royalty Roofing LLC,
23NCR-0377,Re-Roof - Residential,"1611 YORKSHIRE TER SE, NORTH CANTON, OH 44720",9/21/2023,"$36,809.92 ",$151.50 ,"REROOF, 1 LAYER TO BE REMOVED, NO OVERLAY, INSULATION, 8/12 PITCH, REPLACE UNDERLAYMENT, ASPHALT, GAF",Royalty Roofing LLC,
23NCRM-0220,Mechanical Permit - Residential,"700 DONNER AVE SW, NORTH CANTON, OH 44720",9/21/2023,"$9,211.00 ",$75.75 ,REPLACE FURNACE AND A/C,,Miracle Plumbing & Heating
23NCRP-0187,Plumbing Permit - Residential,"1328 SHILOH RUN SE, NORTH CANTON, OH 44720",9/21/2023,"$933,000.00 ",$575.74 ,"NEW BUILDING, NEW CONSTRUCTION RANCH HOME ON LOT 26R MONTICELLO PH #8",D & A PLUMBING & HEATING INC,
23NCZ-0080,Fence,"362 HOWER ST NE, NORTH CANTON, OH 44720",9/21/2023,"$5,550.00 ",$75.00 ,6 FOOT FRONT/SIDE YARD FENCE,HOMEOWNER,
23NCEN-0086,Street Opening,"1505 N MAIN ST, NORTH CANTON, OH 44720",9/22/2023,,$250.00 ,INSTALL A SHORT SIDE GAS SERVICE LINE,H. M. Miller Construction Co.,G & R Excavating Company Inc DBA Whitt's Welding & Pipeline
23NCCE-0084,Electrical Permit - Commercial,"1694 MAIN ST S, NORTH CANTON, OH 44720",9/25/2023,$150.00 ,$77.25 ,INSTALL FIVE (5) GFCI OUTLETS.,TWO NICKS ELECTRIC LLC,
23NCCM-0008,Mechanical Permit - Commercial,"1505 North Main Street, North Canton, OH 44720",9/25/2023,"$15,000,000.00 ","$17,482.50 ","159,010 sf Meijer Supercenter","YORK MAHONING MECHANICAL CONTRACTORS, INC",
23NCCM-0009,Mechanical Permit - Commercial,"1445 North Main Street, North Canton, OH 44720",9/25/2023,"$1,100,000.00 ",$656.83 ,"3,440 SF Meijer mExpress / Gas Station","YORK MAHONING MECHANICAL CONTRACTORS, INC",
23NCR-0374,Window Replacement - Residential,"1280 EASTWOOD CIR SE, NORTH CANTON, OH 44720",9/25/2023,"$7,174.00 ",$176.75 ,INSTALLING 7 WINDOWS INTO EXISTING OPENINGS-NO STRUCTURAL CHANGES.,Windows & More Inc.,
23NCR-0378,Re-Roof - Residential,"26 AUBURN AVE SE, NORTH CANTON, OH 44720",9/25/2023,"$23,312.00 ",$303.00 ,"REROOF, 1 LAYER REMOVED, NO OVERLAY, INSULATED, 8/12 PITCH, REPLACE UNDERLAYM,ENT, ASPHALT, CERTAINTEED",JBL ROOFING AND CONSTRUCTION,
23NCR-0379,Re-Roof - Residential,"639 W MAPLE ST, NORTH CANTON, OH 44720",9/25/2023,"$12,852.22 ",$151.00 ,"REROOF, 1 LAYER REMOVED, NO OVERLAY, INSULATED, 8/12 PITCH, REPLACE UNDERLAYMENT, ASPHALT, OWENS CORNING",JBL ROOFING AND CONSTRUCTION,
23NCR-0380,Re-Roof - Residential,"28 AUBURN AVE SE, NORTH CANTON, OH 44720",9/25/2023,"$23,212.00 ",$151.50 ,"REROOF, 1 LAYER REMOVED, NO OVERLAY, INSULATED, 8/12 PITCH, REPLACE UNDERLAYMENT, ASPHALT, CERTAINTEED",JBL ROOFING AND CONSTRUCTION,
23NCR-0381,Re-Roof - Residential,"1010 LYNBROOK ST SE, NORTH CANTON, OH 44720",9/25/2023,"$8,000.00 ",$151.50 ,"REROOF, 1 LAYER REMOVED, NO OVERLAY, NO INSULATION, 6 PITCH, REPLACE UNDERLAYMENT, DURATION, OWENS CORNING",TERRY FRIEL,
23NCR-0382,Re-Roof - Residential,"44 LA SALLE COURT SE, NORTH CANTON, OH 44720",9/25/2023,"$57,550.00 ",$151.50 ,"ROOF - 1 LAYER REMOVED, INSULATED, 8/12 PITCH, REPLACE UNDERLAYMENT, ASPHALT SHINGLES",JBL ROOFING AND CONSTRUCTION,
23NCR-0384,Re-Roof - Residential,"46 LA SALLE COURT SE, NORTH CANTON, OH 44720",9/25/2023,"$57,550.00 ",$151.50 ,"ROOF - 1 LAYER REMOVED, INSULATED, 8/12 PITCH, REPLACE UNDERLAYMENT, ASPHALT SHINGLES",JBL ROOFING AND CONSTRUCTION,
23NCRE-0196,Electrical Permit - Residential,"900 HONEYSUCKLE CIR NE, NORTH CANTON, OH 44720",9/25/2023,"$365,458.25 ",$435.39 ,NEW HOME,RAMSIER ELECTRIC,
23NCRE-0200,Electrical Permit - Residential,"339 SUTTON AVE NE, NORTH CANTON, OH 44720",9/25/2023,"$15,000.00 ",$82.21 ,"LIGHTING OVER SINK/KITCHEN, NEW OUTLETS AND SWITCHES, NEW SINK, FAUCET, DISPOSAL FLANGE, AND GARBAGE DISPOSAL.",TNT ELECTRIC,
23NCCE-0047,Electrical Permit - Commercial,"320 7TH ST NE, NORTH CANTON, OH 44720",9/26/2023,"$1,500,000.00 ",$940.91 ,"GIRLS SOFTBALL FIELD HOUSE - INDOOR PRACTICE FACILITY, COACHES OFFICE AND LOCKER ROOMS FOR THE VARSITY SOFTBALL PROGRAM. ALSO CONCESSION SPACE AND PUBLIC RESTROOMS.","Abbott Electric, Inc.",
23NCR-0352,Window Replacement - Residential,"1534 ELBERTA AVE SW, NORTH CANTON, OH 44720",9/26/2023,"$47,833.00 ",$176.75 ,"REMOVE AND REPLACE 15 WINDOWS, 1 DOOR, 2 DH, 1 PW, AND A 1/2 MOON
REMOVED TO SQUARE OFF AND INSTALL 1 PW IN FAMILY ROOM.",Window Nation,
23NCRP-0261,Plumbing Permit - Residential,"1125 WILLOWAY AVE SE, NORTH CANTON, OH 44720",9/26/2023,$150.00 ,$151.50 ,"40 GALLON WATER HEATER, NO DIRECT VENT, NO POWER VENT, NATURAL GAS FUEL SOURCE, EXPANSION TANK.",MAYES & SONS PLUMBING  CO,
23NCR-0385,Window Replacement - Residential,"710 DONNER AVE , NORTH CANTON, OH 44720",9/27/2023,"$25,348.00 ",$176.75 ,"REMOVE AND REPLACE 17 WINDOWS, NO STRUCTURAL CHANGE.",Window Nation,
23NCRE-0197,Electrical Permit - Residential,"1330 SHILOH RUN SE, NORTH CANTON, OH 44720",9/27/2023,"$990,000.00 ",$721.02 ,NEW SINGLE FAMILY HOME,"O D Miller Electric CO., INC.",
23NCZ-0172,Sign Permit,"1375 S MAIN ST, NORTH CANTON, OH 44720",9/27/2023,$100.00 ,$100.00 ,"FREE STANDING, BUSINESS ID",ALD DECAL & GRAPHICS,
23NCCM-0042,Mechanical Permit - Commercial,"1745 Beechwood Ave NE UNIT 10, North Canton, OH 44720",9/28/2023,$500.00 ,$77.25 ,REPLACING FURNACE AND A/C.,WYLES HEATING & AIR COND,
23NCR-0371,Residential Alteration,"519 WOODROW ST NW, NORTH CANTON, OH 44720",9/28/2023,"$84,555.00 ",$176.75 ,REPLACING WINDOWS AND DOORS. INSTALLING NEW SIDING & GUTTERS.,J & R HOME IMPROVEMENTS LLC,
23NCR-0390,Residential Alteration,"911 WISE AVE SE, NORTH CANTON, OH 44720",9/28/2023,"$13,159.79 ",$176.75 ,CREATE OPENING WHERE WINDOW IS TO INSTALL NEW DOOR.,SCHERER QUALITY CONST,
23NCR-0391,Re-Roof - Residential,"1314 WILKSHIRE CIR SW, NORTH CANTON, OH 44720",9/28/2023,"$9,000.00 ",$303.00 ,"ROOF - 1 LAYER REMOVED, INSULATED, 4 PITCH, REPLACE UNDERLAYMENT,",Redesign Roofing Inc.,
23NCZ-0173,Driveway/Walkway,"541 HARMON ST SW, NORTH CANTON, OH 44720",9/28/2023,$75.00 ,$50.00 ,REPLACING EXISTING DRIVEWAY AND APRON,THE MASSILLON WASHED GRAVEL COMPANY DBA MWG SERVICES,
23NCEN-0054,Sewer Connection - New,"221 APPLEGROVE ST, NORTH CANTON, OH 44720",9/29/2023,,"$18,500.00 ",NEW SGT CLEAN CAR WASH,KMU TRUCKING & EXCAVATING LLC,
23NCR-0386,Window Replacement - Residential,"1238 LORRELL AVE SW, NORTH CANTON, OH 44720",9/29/2023,"$21,386.00 ",$176.75 ,"REMOVE AND REPLACE 13 WINDOWS, NO STRUCTURAL CHANGE.",Window Nation,
23NCR-0393,Re-Roof - Residential,"1307 COLLEGE ST SE, NORTH CANTON, OH 44720",9/29/2023,$150.00 ,$151.50 ,"REROOF, 1 LAYER REMOVED, NO OVERLAY, NO INSULATION, 6/12, 9/12 PITCH, REPLACE UNDERLAYMENT, DIMENSIONAL, ATLAS PINNACLE PRISTINE.","GENESIS WINDOWS, DOORS & MORE LLC",
23NCR-0394,Re-Roof - Residential,"1532 ELLESMERE AVE NW, NORTH CANTON, OH 44720",9/29/2023,"$13,515.00 ",$151.50 ,"REROOF, 2 LAYERS REMOVED, NO OVERLAY, NO INSULATION, 4/12 PITCH, REPLACE UNDERLAYMENT, DIMENSIONAL, CERTAINTEED.",SKYLINE ROOFING & EXTERIORS LTD,
23NCR-0395,Re-Roof - Residential,"1992 WYNSTONE CIR NE, NORTH CANTON, OH 44720",9/29/2023,"$21,990.00 ",$151.50 ,"REROOF, 1 LAYER REMOVED, NO OVERLAY, NO INSULATION, 9/12 PITCH, REPLACE UNDERLAYMENT, ARCHITECTURAL, OWENS CORNING.",SKYLINE ROOFING & EXTERIORS LTD,
23NCRM-0223,Mechanical Permit - Residential,"119 SPRUCE DR NW, NORTH CANTON, OH 44720",9/29/2023,$75.00 ,$75.75 ,REPLACEMENT FURNACE AND AIR,Forquer Heating & AC,
23NCRP-0264,Plumbing Permit - Residential,"409 WERSTLER AVE NW, NORTH CANTON, OH 44720",9/29/2023,$75.00 ,$75.75 ,WATER HEATER,H JACKS PLUMBING & HEATING CO OF MENTOR,
23NCZ-0175,Fence,"316 HARMON ST SW, NORTH CANTON, OH 44720",9/29/2023,$600.00 ,$75.00 ,6' SIDE YARD WOOD FENCE,TBD,
21NCR-0180,Shed (over 200 sqft),"206 SUMMIT ST SW NORTH, NORTH CANTON, OH 44720",10/2/2023,,$75.00 ,"SHED - WOOD, 10X12, REAR YARD",,
23NCCM-0044,Mechanical Permit - Commercial,"200 WILBUR DR NE APT 4, NORTH CANTON, OH 44720",10/2/2023,"$4,767.00 ",$77.25 ,REPLACE FURNACE AND A/C.,WYLES HEATING & AIR COND,
23NCEN-0075,Street Opening,"1240 WYNNRIDGE AVE NE, NORTH CANTON, OH 44720",10/2/2023,"$1,000.00 ",$250.00 ,SECONDARY ENTRANCE BEING ADDED.,R MILLER CONCRETE LLC,
23NCRM-0222,Mechanical Permit - Residential,"223 N CIRCLE DR, NORTH CANTON, OH 44720",10/2/2023,$150.00 ,$75.75 ,REPLACING A/C.,SITTLER ENTERPRISES - QUALITY HEATING AND COOLING,
23NCRP-0266,Plumbing Permit - Residential,"606 LINDY LANE AVE SW, NORTH CANTON, OH 44720",10/2/2023,$500.00 ,$75.75 ,"40 GALLON WATER HEATER, NO DIRECT GRAVITY
NO POWER VENTS, NATURAL GAS FUEL SOURCE, NO EXPANSION TANKS",Miracle Plumbing & Heating,
23NCCM-0045,Mechanical Permit - Commercial,"1664 N MAIN ST UNIT 19, NORTH CANTON, OH 44720",10/3/2023,"$1,000.00 ",$77.25 ,REPLACE LIKE FOR LIKE 5 TON ROOF TOP AC UNIT.,"LANE VALENTE INDUSTRIES, INC",
23NCR-0398,Re-Roof - Residential,"1503 EASTHILL ST SE, NORTH CANTON, OH 44720",10/3/2023,$150.00 ,$0.00 ,"REROOF, 1 LAYER REMOVED, NO OVERLAY, NOINSULATION, 4 PITCH, REPLACE UNDERLAYMENT, HD2, GAF",MILLER ROOFING & EXTERIORS,
23NCR-0399,Re-Roof - Residential,"1470 NORTHFIELD AVE SE, NORTH CANTON, OH 44720",10/3/2023,"$14,040.00 ",$151.50 ,"REROOF, 1 LAYER REMOVED, NO OVERLAY, INSULATION, 4 PITCH, REPLACE UNDERLAYMENT, ARCHITECTURAL, OWENS CORNING",,
23NCRP-0269,Plumbing Permit - Residential,"305 MISSISSIPPI ST SE, NORTH CANTON, OH 44720",10/3/2023,"$1,000.00 ",$151.50 ,GAS SHUT OFF VALVE 3 WATER HEATERS & 1 DRYER,FLOWPROS SEWER DRAIN & REPAIR SERVICE,
23NCRP-0270,Plumbing Permit - Residential,"307 MISSISSIPPI ST SE, NORTH CANTON, OH 44720",10/3/2023,$500.00 ,$151.50 ,"GAS SHUT OFF VALVE , 3 HOT WATER HEATERS",FLOWPROS SEWER DRAIN & REPAIR SERVICE,
23NCC-0028,Commercial Addition,"1325 S MAIN ST, NORTH CANTON, OH 44720",10/4/2023,"$240,000.00 ",$601.79 ,ONE STORY ADDITION & RENOVATION FOR EDWARD JONES,,Zablo & Sons Building Corporation
23NCC-0029,Re-Roof - Commercial,"300 9TH ST NW, NORTH CANTON, OH 44720",10/4/2023,"$31,500.00 ",$231.75 ,"RERROF FAITH UNITED METHODIST CHURCH
1 LAYER REMOVED, NO OVERLAY, SHINGLES, SHINGLES, 74 SQUARES, 7400 SQUARE FOOTAGE, OWENS CORNING,",MCCURRY ROOFING LLC,
23NCCE-0081,Electrical Permit - Commercial,"1113 N MAIN ST, NORTH CANTON, OH 44720",10/4/2023,"$3,500.00 ",$77.25 ,"SERVICE / CHANGE. EXISTING METER STACK IS INTERNALLY ? WILL BE REPLACED, EXTERIOR ONLY, EXISTING FEEDER CABLES TO REMAIN.",ML ELECTRICAL CONTRACTING LLC,
23NCCM-0043,Mechanical Permit - Commercial,"1440 N MAIN ST, NORTH CANTON, OH 44720",10/4/2023,$75.00 ,$77.25 ,ROOFTOP UNIT,Crown Heating & Cooling,
23NCR-0392,Window Replacement - Residential,"1490 CHATHAM AVE NE, NORTH CANTON, OH 44720",10/4/2023,"$20,478.00 ",$176.75 ,"REMOVE AND REPLACE 20 WINDOWS, NO STRUCTURAL CHANGE",Window Nation,
23NCRM-0224,Mechanical Permit - Residential,"918 VALLEY DR NW, NORTH CANTON, OH 44720",10/4/2023,$150.00 ,$75.75 ,REPLACEMENT FURNACE,East Ohio Furnace,
23NCRP-0260,Plumbing Permit - Residential,"1739 Lancaster Gate SE, North Canton, OH 44709",10/4/2023,$759.00 ,$75.75 ,REPLACE RHEEM 40 GAL GAS HOT WATER TANK.,APPC PLUMBING,
23NCZ-0174,Temporary Tent,"101 S MAIN ST, NORTH CANTON, OH 44720",10/4/2023,,$75.00 ,"The tent is a 30 x 75 for their artisan show and will go up on Tuesday and stay up until the following Tuesday. 
They will have side walls on the tent. We will have 2 fire extinguishers, non smoking and exit signs in this tent.",SULLY'S RENT ALL INC,
23NCR-0397,Window Replacement - Residential,"1037 DOGWOOD AVE NE, NORTH CANTON, OH 44720",10/5/2023,"$15,745.00 ",$176.75 ,REPLACING 9 WINDOWS AND 2 SCREEN DOORS,ECO ENERGY CONSTRUCTION,
23NCR-0405,Re-Roof - Residential,"420 WINSTON AVE NE, NORTH CANTON, OH 44720",10/5/2023,"$18,800.00 ",$151.50 ,"ROOF - 12 LAYERS REMOVED, NOT INSULATED, 6 PITCH, REPLACE UNDERLAYMENT, METAL ROOFING",AMISH COUNTRY ROOFING,
23NCRE-0204,Electrical Permit - Residential,"320 CORDELIA ST SW, NORTH CANTON, OH 44720",10/5/2023,"$10,000.00 ",$75.75 ,GENERATOR,HILSCHER-CLARKE ELECTRIC CO,
23NCRE-0205,Electrical Permit - Residential,"805 OAKRIDGE ST SW, NORTH CANTON, OH 44720",10/5/2023,"$4,600.00 ",$75.75 ,200 AMP UPGRADE,Blind & Sons,
23NCRE-0206,Electrical Permit - Residential,"1675 HARMONY LN SW, NORTH CANTON, OH 44720",10/5/2023,$75.00 ,$75.75 ,ELECTRIC FOR DECK,HOMEOWNER,
23NCRM-0225,Mechanical Permit - Residential,"1442 RED COACH ST SE, NORTH CANTON, OH 44720",10/5/2023,"$4,714.00 ",$75.75 ,REPLACING A/C,WYLES HEATING & AIR COND,
23NCRM-0229,Mechanical Permit - Residential,"450 DILLON CIR NE, NORTH CANTON, OH 44720",10/5/2023,"$7,900.00 ",$75.75 ,REPLACEMENT FURNACE,Crown Heating & Cooling,
23NCZ-0177,Fence,"1309 TERRACE RD NW, NORTH CANTON, OH 44720",10/5/2023,"$8,770.00 ",$75.00 ,"VINYL FENCE , SIDE YARD, 132FT-6 FT HIGH
54 FT-3 FT HIGH","Bugh, Inc.",
23NCZ-0181,Driveway/Walkway,"412 SUMMIT ST SW, NORTH CANTON, OH 44720",10/5/2023,"$4,000.00 ",$50.00 ,REPLACING CONCRETE APRON,THE MASSILLON WASHED GRAVEL COMPANY DBA MWG SERVICES,
23NCR-0387,Residential Alteration,"1585 STAYMAN AVE SW, NORTH CANTON, OH 44720",10/6/2023,$150.00 ,$614.29 ,"DRYWALL, FLOORING, KITCHEN CABINETS, WINDOWS, GRAVEL DRIVEWAY, PAINT, DOORS, GARAGE DOORS",BLACKWELL RENOVATIONS LLC,
23NCR-0402,Residential Alteration,"1315 CASTLEWOOD AVE SW, NORTH CANTON, OH 44720",10/6/2023,"$5,300.00 ",$75.00 ,PATIO COVER,CANTON ALUMINUM SALES CORP,
23NCR-0404,Re-Roof - Residential,"1555 YORKSHIRE TER SE, NORTH CANTON, OH 44720",10/6/2023,"$1,000.00 ",$151.50 ,"1 LAYER REMOVED, NO OVERLAY, INSULATION, 8/12, 10/12 PITCH, REPLACE UNDERLAYMENT, DURATION, OWENS CORNING",APEX METAL SOLUTIONS LLC,
23NCR-0406,Window Replacement - Residential,"529 CHURCH ST SW, NORTH CANTON, OH 44720",10/6/2023,"$14,574.00 ",$353.50 ,REPLACING 17 WINDOWS,ALBRECHT ENTERPRISES LLC DBA THE WINDOW SOURCE OF AKRON CANTON,
23NCR-0408,Re-Roof - Residential,"612 HARMON ST SW, NORTH CANTON, OH 44720",10/6/2023,"$15,000.00 ",$151.50 ,"REROOF, 1 LAYER REMOVED, NO OVERLAY, NO INSULATION, 4/12 PITCH, REPLACE UNDERLAYMENT, ASPHALT, OWENS CORNING.",BUCKEYE RESTORATION,
23NCRE-0195,Electrical Permit - Residential,"130 9TH ST NE, NORTH CANTON, OH 44720",10/6/2023,"$5,200.00 ",$75.75 ,ELECTRIC FOR HOT TUB,ALL OHIO ELECTRIC,
23NCRE-0207,Electrical Permit - Residential,"1585 STAYMAN AVE SW, NORTH CANTON, OH 44720",10/6/2023,$75.00 ,$75.75 ,OVERHEAD SERVICE CHANGE,ALL IN ONE ELECTRIC LLC,
23NCZ-0151,Parking Lot Resurfacing,"201 ROSE LANE ST SE, NORTH CANTON, OH 44720",10/6/2023,"$21,000.00 ",$75.00 ,PARKING LOT PAVING.,CARDINAL ASPHALT COMPANY INC,
23NCB-0010,Single Family Dwelling,"893 BRAEMAR CIR NE, NORTH CANTON, OH 44720",10/9/2023,"$507,000.00 ","$1,183.76 ",NEW SINGLE FAMILY,AC Construction,
23NCEN-0091,Sewer Connection - New,"893 BRAEMAR CIR NE, NORTH CANTON, OH 44720",10/9/2023,,"$2,500.00 ",NEW SINGLE FAMILY,BEACON EXCAVATING LLC,
23NCR-0396,Patio,"1037 DOGWOOD AVE NE, NORTH CANTON, OH 44720",10/9/2023,"$5,000.00 ",$75.00 ,NEW PATIO,ECO ENERGY CONSTRUCTION,
23NCR-0410,Window Replacement - Residential,"357 SUTTON AVE NE, NORTH CANTON, OH 44720",10/9/2023,"$18,350.00 ",$176.75 ,REMOVE AND REPLACE 19 WINDOWS. NO  STRUCTURAL CHANGE.,Window Nation,
23NCRE-0211,Electrical Permit - Commercial,"1702 BEECHWOOD AVE NE UNIT 24, NORTH CANTON, OH 44720",10/9/2023,$100.00 ,$140.39 ,RE-RUNNING CIRCUITS IN THE KITCHEN SUCH AS THE RANGE AND MICROWAVE AND A FEW OUTLETS.,ENTIRE WIRE,
23NCZ-0147,Driveway/Walkway,"1240 WYNNRIDGE AVE NE, NORTH CANTON, OH 44720",10/9/2023,"$3,500.00 ",$75.00 ,DRIVEWAY,R MILLER CONCRETE LLC,
23NCC-0030,Re-Roof - Commercial,"1010 APPLEGROVE ST NW, NORTH CANTON, OH 44720",10/10/2023,"$17,000.00 ",$154.50 ,"COMMERCIAL BUILDING, 1 LAYER REMOVED, NO OVERLAY, INSULATED, 7/12 PITCH, REPLACE UNDERLAYMENT, SHINGLES, SHINGLES FELT ICE & WATERSHIELD.",Simma Inc. - Buckeye Roofing,
23NCCM-0032,Mechanical Permit - Commercial,"1445 North Main Street, North Canton, OH 44720",10/10/2023,"$135,427.90 ",$714.43 ,INSTALL 3 CONDENSING UNITS AND 5 EVAPORATOR UNITS,,HUSSMANN SERVICES CORPORATION
23NCCM-0033,Mechanical Permit - Commercial,"1505 N MAIN ST, NORTH CANTON, OH 44720",10/10/2023,"$1,218,851.10 ","$5,360.04 ","INSTALL 119 DISPLAY CASES 28 EVAPORATORS COILS, 5 COMPRESSOR PROTCOL UNITS AND CONDENSERS",HUSSMANN SERVICES CORPORATION,HUSSMANN SERVICES CORPORATION
23NCR-0308,Window Replacement - Residential,"503 MCKINLEY AVE SE, NORTH CANTON, OH 44720",10/10/2023,"$8,700.00 ",$259.07 ,"REPLACE TWO BASEMENT WINDOWS WITH TWO EGRESS WINDOWS, PROVIDED BY PERRY DISTRIBUTORS. ONE WILL BE A CUSTOM 75""X27"" DOUBLE SLIDER. ONE WILL BE A 30""X24"" CHANGE TO A 30""X40"" WITH WELL. BUILD A DIVIDER WALL IN BASEMENT SO ALL TENENTS HAVE ACCESS TO ELECTRICAL PANEL. WALL WILL NEED A LOCKING DOOR FOR DOWNSTAIRS APARTMENT. ",ALL-IN-ONE FREY'S HOME IMPROVEMENT,ALL-IN-ONE FREY'S HOME IMPROVEMENT
23NCR-0400,Deck,"913 7TH ST NE, NORTH CANTON, OH 44720",10/10/2023,"$46,145.00 ",$373.39 ,REMOVE EXISTING DECK AND REPLACE WITH NEW DECK TO MATCH EXISTING LAYOUT,SWISS VALLEY FENCE,
23NCR-0401,Accessory Structure - Residential,"1558 AMBLER AVE SW, NORTH CANTON, OH 44720",10/10/2023,"$82,000.00 ",$737.40 ,MAKE EXISTING GARAGE MASTER BEDROOM.  NEW 2 CAR GARAGE IN FRONT OF BEDROOM,BORDNER CONSTRUCTION,
23NCR-0411,Window Replacement - Residential,"107 WALSH AVE SE, NORTH CANTON, OH 44720",10/10/2023,$500.00 ,$176.75 ,REPLACING 2 WINDOWS,PD12-INC DBA STARK GLASS BLOCK,
23NCR-0412,Re-Roof - Residential,"243 HALLUM ST SW, NORTH CANTON, OH 44720",10/10/2023,"$8,000.00 ",$151.50 ,"ROOF - 1 LAYER REMOVED, INSULATED, 5/12 PITCH, REPLACE UNDERLAYMENT, ASPHALT SHINGLES",Armadillo Roofing,
23NCRP-0276,Plumbing Permit - Residential,"1640 HALIFAX WAY SE, NORTH CANTON, OH 44720",10/10/2023,$75.00 ,$75.75 ,GENERATOR,HUFFMAN PLUMBING,
23NCRP-0277,Plumbing Permit - Residential,"617 E MAPLE ST, NORTH CANTON, OH 44720",10/10/2023,$150.00 ,$151.50 ,STACK REPAIR AND INTERIOR WATER LINE REPAIR,FLOWPROS SEWER DRAIN & REPAIR SERVICE,
23NCRP-0278,Plumbing Permit - Residential,"805 OAKRIDGE ST SW, NORTH CANTON, OH 44720",10/10/2023,$75.00 ,$75.75 ,"50 GALLON WATER HEATER
NO POWER VENT
ELECTRIC",H JACKS PLUMBING & HEATING CO OF MENTOR,
23NCR-0407,Window Replacement - Residential,"1232 SALWAY AVE SW, NORTH CANTON, OH 44720",10/11/2023,"$21,000.00 ",$176.75 ,REPLACING 3 WINDOWS WITH PELLA,Pella Window & Door Co.,
23NCRM-0145,Mechanical Permit - Residential,"1328 SHILOH RUN SE, NORTH CANTON, OH 44720",10/11/2023,"$933,000.00 ",$575.74 ,"NEW BUILDING, NEW CONSTRUCTION RANCH HOME ON LOT 26R MONTICELLO PH #8",ZONED COMFORT HEATING & COOLING,
23NCRM-0231,Mechanical Permit - Residential,"1020 BEL AIR DR NW, NORTH CANTON, OH 44720",10/11/2023,$75.00 ,$75.75 ,REPLACEMENT FURNACE,ZONED COMFORT HEATING & COOLING,
23NCR-0409,Residential Alteration,"1474 ALEXANDRIA PKWY SE, NORTH CANTON, OH 44720",10/12/2023,"$60,000.00 ",$507.98 ,BUILD PORCH ROOF OVER EXISTING PATIO WITH FIREPLACE/PIZZA OVEN,CANON CONSTRUCTION LLC,
23NCRE-0203,Mechanical Permit - Residential,"320 CORDELIA ST SW, NORTH CANTON, OH 44720",10/12/2023,$500.00 ,$75.75 ,RUN GASLINE FOR GENERATOR,Forquer Heating & AC,
23NCRM-0232,Mechanical Permit - Residential,"1450 JONATHAN AVE SW, NORTH CANTON, OH 44720",10/12/2023,$500.00 ,$75.75 ,REPLACING FURNACE,SITTLER ENTERPRISES - QUALITY HEATING AND COOLING,
23NCRM-0233,Mechanical Permit - Residential,"1183 VINCENT RD SE, NORTH CANTON, OH 44720",10/12/2023,$100.00 ,$75.75 ,REPLACING A/C,Blind & Sons,
23NCRP-0279,Plumbing Permit - Residential,"281 MAPLECREST ST SW, NORTH CANTON, OH 44720",10/12/2023,"$1,400.00 ",$151.50 ,"40 GALLONS, DIRECT GRAVITY, NATURAL GAS, NO EXPANSION TANK, COMBUSTION AIR, REPLACING WATER HEATER",,
23NCRP-0280,Plumbing Permit - Residential,"602 SCHNEIDER ST SE, NORTH CANTON, OH 44720",10/12/2023,$75.00 ,$75.75 ,REPLACE 2 GAS VALVES AND REPAIR GAS LEAK,COUNTRYSIDE PLUMBING,
23NCZ-0182,Fence,"1343 FARRELL ST SE, NORTH CANTON, OH 44720",10/13/2023,"$4,000.00 ",$75.00 ,"BLACK CHAINLINK FENCE, 4 FEET TALL.",WILLIAMS FENCE AND CONTRACTING,
23NCC-0031,Waterproofing - Commercial,"1101 W MAPLE ST, NORTH CANTON, OH 44720",10/16/2023,"$10,619.00 ",$77.25 ,35 LNFT EXTERIOR WATERPROOFING WITH 2 NEW SUMP PUMP SYSTEMS.,"Pioneer Basement Waterproofing, Inc.",
23NCR-0336,Residential Alteration,"624 6TH ST NW, NORTH CANTON, OH 44720",10/16/2023,"$30,000.00 ",$708.35 ,FLORIDA ROOM - ENCLOSE EXISTING PORCH,DAVALS HOME IMPROVEMENT LLC,
23NCRM-0236,Mechanical Permit - Residential,"1575 CHADFORD GATE SE, NORTH CANTON, OH 44720",10/16/2023,$75.00 ,$151.50 ,REPLACEMENT FURN AND AIR,SIMPSON HEATING & AIR LLC,
23NCRP-0224,Plumbing Permit - Residential,"1111 GLENWOOD ST SW, NORTH CANTON, OH 44720",10/16/2023,"$166,306.10 ",$296.17 ,"REBUILD DUE TO FIRE, INTERIOR WORK WITH SOME EXTERIOR",ARCH PLUMBING LLC,
23NCRP-0250,Plumbing Permit - Residential,"420 WINSTON AVE NE, NORTH CANTON, OH 44720",10/16/2023,"$85,000.00 ",$108.07 ,20 X 20 ADDITION WITH FIRST FLOOR LAUNDRY,COUNTRYSIDE PLUMBING,
23NCZ-0183,Driveway/Walkway,"334 ORCHARD AVE NE, NORTH CANTON, OH 44720",10/16/2023,$50.00 ,$50.00 ,WIDENING APRON,D FREEMAN CORPORATION DBA FREEMAN BUILDING SYSTEMS,
23NCZ-0184,Fence,"1876 WENDOVER CIR NE, NORTH CANTON, OH 44720",10/16/2023,"$10,000.00 ",$75.00 ,5' REAR YARD FENCE,MT HOPE FENCE,
23NCCP-0028,Plumbing Permit - Commercial,"1122 SUNFORD AVE SE, NORTH CANTON, OH 44720",10/17/2023,$75.00 ,$77.25 ,GAS VALVES - 4 UNITS,CANTON STARK COUNTY SEWER CLEANING INC,
23NCCP-0029,Plumbing Permit - Commercial,"1000 SCHNEIDER ST NE, NORTH CANTON, OH 44720",10/17/2023,$75.00 ,$77.25 ,GAS VALVES - 6 UNITS,CANTON STARK COUNTY SEWER CLEANING INC,
23NCCP-0030,Plumbing Permit - Commercial,"1012 SCHNEIDER ST NE, NORTH CANTON, OH 44720",10/17/2023,$75.00 ,$77.25 ,GAS VALVES - 4 UNITS,CANTON STARK COUNTY SEWER CLEANING INC,
23NCR-0416,Re-Roof - Residential,"1232 VALLEY DR NW, NORTH CANTON, OH 44720",10/17/2023,"$8,331.00 ",$303.00 ,ROOF - 1 LAYER REMOVED - NOT OVERLAYED - NOT INSULATED - 4/12 PITCH - REPLACE UNDERLAYMENT - ASPALT SHINGLES,PREMIER CONSTRUCTION AND RESTORATION SERVICES,
23NCRM-0234,Mechanical Permit - Residential,"1222 PLEASANT VIEW AVE SE, NORTH CANTON, OH 44720",10/17/2023,$75.00 ,$75.75 ,REPLACING AC AND 2 FURNACES,SITTLER ENTERPRISES - QUALITY HEATING AND COOLING,
23NCRM-0235,Mechanical Permit - Residential,"1406 WESTFIELD AVE SW, NORTH CANTON, OH 44720",10/17/2023,$75.00 ,$75.75 ,REPLACING FURN AND AC,SITTLER ENTERPRISES - QUALITY HEATING AND COOLING,
23NCRM-0239,Mechanical Permit - Residential,"737 7TH ST NW, NORTH CANTON, OH 44720",10/17/2023,$75.00 ,$75.75 ,REPLACEMENT FURNACE,AIR-ON MECHANICAL SERVICES LLC,
23NCRP-0271,Plumbing Permit - Residential,"302 Maple St W, North Canton, OH 44720",10/17/2023,$759.00 ,$75.75 ,40 GALLON WATER HEATER - DIRECT VENT - NO POWER VENT - NATURAL GAS - NO EXPANSION TANK,APPC PLUMBING,
23NCRP-0282,Plumbing Permit - Commercial,"1102 SUNFORD AVE SE, NORTH CANTON, OH 44720",10/17/2023,$77.00 ,$77.25 ,GAS VALVES - 7 UNITS,CANTON STARK COUNTY SEWER CLEANING INC,
21NCEN-0086,New Water Service - Within City Limits,"330 PERSHING AVE NE, NORTH CANTON, OH 44720",10/18/2023,,"$10,284.50 ",NEW WATER SERVICE FOR BUS GARAGE,,
23NCR-0417,Window Replacement - Residential,"348 SUTTON AVE NE, NORTH CANTON, OH 44720",10/18/2023,"$5,749.00 ",$176.75 ,"REMOVE AND REPLACE 3 WINDOWS, NO STRUCTURAL CHANGES",Window Nation,
23NCR-0418,Window Replacement - Residential,"1534 ELBERTA AVE SW, NORTH CANTON, OH 44720",10/18/2023,"$26,678.00 ",$176.75 ,"remove and replace 3 doors, no structural change",Window Nation,
23NCRM-0238,Mechanical Permit - Residential,"727 GLENDALE ST SW, NORTH CANTON, OH 44720",10/18/2023,$75.00 ,$75.75 ,REPLACEMENT FURNACE AND AIR,WARSTLER FURNACE LLC,
23NCRM-0240,Mechanical Permit - Residential,"315 PERSHING AVE NE, NORTH CANTON, OH 44720",10/18/2023,$75.00 ,$75.75 ,REPLACEMENT FURNACE UNIT 367,Forquer Heating & AC,
23NCZ-0186,Driveway/Walkway,"1585 STAYMAN AVE SW, NORTH CANTON, OH 44720",10/18/2023,$75.00 ,$75.00 ,ASPHALT DRIVEWAY,BLACKWELL RENOVATIONS LLC,
23NCR-0420,Re-Roof - Residential,"1877 WENDOVER CIR NE, NORTH CANTON, OH 44720",10/19/2023,"$20,487.85 ",$303.00 ,"ROOF - 1 LAYER REMOVED, NOT OVERLAYED, INSULATED, 8 PITCH,",CANTON ROOFING COMPANY LLC,
23NCRE-0193,Electrical Permit - Residential,"420 WINSTON AVE NE, NORTH CANTON, OH 44720",10/19/2023,"$85,000.00 ",$108.07 ,20 X 20 ADDITION WITH FIRST FLOOR LAUNDRY,TWO NICKS ELECTRIC LLC,
23NCRM-0244,Mechanical Permit - Residential,"310 FENCHURCH CIR NE, NORTH CANTON, OH 44720",10/19/2023,"$5,264.00 ",$75.75 ,REPLACEMENT AIR COND,Miracle Plumbing & Heating,
23NCRP-0275,Plumbing Permit - Residential,"1558 AMBLER AVE SW, NORTH CANTON, OH 44720",10/19/2023,"$82,000.00 ",$208.26 ,MAKE EXISTING GARAGE MASTER BEDROOM.  NEW 2 CAR GARAGE IN FRONT OF BEDROOM,THAT HANDYMAN DBA THAT PLUMBER,
23NCRP-0283,Plumbing Permit - Residential,"142 APPLEGROVE ST NE, NORTH CANTON, OH 44720",10/19/2023,$75.00 ,$75.75 ,PROVIDE AND INSTALL NEW GAS VALVE TO CODE,THAT HANDYMAN DBA THAT PLUMBER,
23NCZ-0119,Sign Permit,"525 7TH ST NE, NORTH CANTON, OH 44720",10/19/2023,$100.00 ,$383.25 ,STADIUM SIGN,VER - MICH LTD DBA MIDWEST SIGN CENTER,
23NCZ-0185,Fence,"1564 CRESCENT AVE SW, NORTH CANTON, OH 44720",10/19/2023,"$8,000.00 ",$75.00 ,6'/4' SIDE/REAR YARD FENCE,OHIO OUTDOOR SOLUTIONS,
23NCC-0032,Accessory Structure - Commercial,"126 7TH ST NW, NORTH CANTON, OH 44720",10/20/2023,"$20,500.00 ",$412.10 ,REBUILD 65' OF DETACHED CAR PORT,PREMIER WALL ANCHOR,
23NCCA-0027,Window Replacement - Commercial,"300 9TH ST NW, NORTH CANTON, OH 44720",10/20/2023,"$31,303.29 ",$283.25 ,REPLACING DOORS IN THE CHURCH.,,
23NCCP-0031,Plumbing Permit - Commercial,"201 ROSE LANE ST SW, NORTH CANTON, OH 44720",10/20/2023,$150.00 ,$154.50 ,2 GAS VALVES IN BOILER AREAS,CANTON STARK COUNTY SEWER CLEANING INC,
23NCR-0421,Re-Roof - Residential,"1610 E MAPLE ST, NORTH CANTON, OH 44720",10/20/2023,"$12,000.00 ",$151.50 ,"ROOF - 1 LAYER REMOVED, 4 PITCH ARCHITECTURAL SHINGLES",Redesign Roofing Inc.,
23NCRE-0214,Electrical Permit - Residential,"1630 HALIFAX WAY SE, NORTH CANTON, OH 44720",10/20/2023,"$13,000.00 ",$75.75 ,INSTALLING A 24 KW GENERATOR AND 200 ATS,STG ELECTRIC SERVICES,
23NCRE-0215,Electrical Permit - Residential,"416 5TH ST NW, NORTH CANTON, OH 44720",10/20/2023,$75.00 ,$75.75 ,RETROFIT 4 GFI'S,"O D Miller Electric CO., INC.",
23NCCP-0032,Plumbing Permit - Commercial,"1325 S MAIN ST, NORTH CANTON, OH 44720",10/23/2023,"$240,000.00 ",$423.35 ,ONE STORY ADDITION & RENOVATION FOR EDWARD JONES,Grabill Plumbing & Heating Inc.,
23NCR-0422,Waterproofing - Residential,"510 PIERCE AVE NW, NORTH CANTON, OH 44720",10/23/2023,"$13,590.00 ",$75.75 ,106 LNFT INTERIOR WATERPROOFING WITH NEW SUMP SYSTEM,"Pioneer Basement Waterproofing, Inc.",
23NCRE-0216,Electrical Permit - Commercial,"142 APPLEGROVE ST NE, NORTH CANTON, OH 44720",10/23/2023,$75.00 ,$463.50 ,6 UNIT APARTMENT NEEDS GFI FOR RENTAL CODE,JASON SPENCER ELECTRIC SERVICE LLC,
23NCRM-0241,Mechanical Permit - Residential,"469 HILLCREST AVE NW, NORTH CANTON, OH 44720",10/23/2023,$75.00 ,$75.75 ,REPLACING FURNACE AND AIR,SITTLER ENTERPRISES - QUALITY HEATING AND COOLING,
23NCRM-0242,Mechanical Permit - Residential,"1044 VALLEY DR NW, NORTH CANTON, OH 44720",10/23/2023,$75.00 ,$75.75 ,REPLACING FURNACE AND AIR,SITTLER ENTERPRISES - QUALITY HEATING AND COOLING,
23NCRM-0243,Mechanical Permit - Residential,"505 WEBER AVE NE, NORTH CANTON, OH 44720",10/23/2023,$75.00 ,$75.76 ,HEAT PUMP,Lakes Heating & Air Cond Inc,
23NCRM-0245,Mechanical Permit - Residential,"288 ORCHARD HILL DR SW, NORTH CANTON, OH 44720",10/23/2023,$75.00 ,$75.75 ,REPLACEMENT FURNACE AND AIR,BONSKY HEATING & COOLING LLC,
23NCRM-0246,Mechanical Permit - Residential,"1310 WILLOWAY AVE SE, NORTH CANTON, OH 44720",10/23/2023,$75.00 ,$75.75 ,REPLACEMENT FURNACE AND AIR CONDITIONING,SITTLER ENTERPRISES - QUALITY HEATING AND COOLING,
23NCRM-0247,Mechanical Permit - Residential,"865 OAKRIDGE ST SW, NORTH CANTON, OH 44720",10/23/2023,$75.00 ,$75.75 ,REPLACEMENT FURNACE AND AIR,Lakes Heating & Air Cond Inc,
23NCRM-0248,Mechanical Permit - Residential,"318 BACHTEL ST SW, NORTH CANTON, OH 44720",10/23/2023,$75.00 ,$75.75 ,REPLACEMENT GAS LINE,SITTLER ENTERPRISES - QUALITY HEATING AND COOLING,
23NCRP-0229,Plumbing Permit - Residential,"1110 WOODROW ST NW, NORTH CANTON, OH 44720",10/23/2023,"$160,000.00 ",$210.20 ,"ADD ADDITION TO EXISTING HOME. ADD BASEMENT, BATH, KITCHEN, TIE INTO EXISTING ROOF SYSTEM. ENLARGE EXISTING KITCHEN. MATCH EXISTING SIDING.",COBLENTZ PLUMBING INC,
23NCRP-0285,Plumbing Permit - Residential,"1452 LUPE AVE NW, NORTH CANTON, OH 44720",10/23/2023,$75.00 ,$75.75 ,REPLACEMENT GAS VALVES,JR MILLER PLUMBING,
23NCZ-0188,Sign Permit,"1106 S MAIN ST, NORTH CANTON, OH 44720",10/23/2023,$200.00 ,$200.00 ,WALL ID SIGN AND FREESTANDING FACE,VER - MICH LTD DBA MIDWEST SIGN CENTER,
23NCZ-0189,Driveway/Walkway,"1248 CHANDLER AVE SW, NORTH CANTON, OH 44720",10/23/2023,"$2,000.00 ",$50.00 ,APRON REPLACEMENT,Russo Concrete LLC,
23NCCA-0026,Commercial Alteration,"334 ORCHARD AVE NE, NORTH CANTON, OH 44720",10/24/2023,"$4,000,000.00 ","$1,207.98 ",BULLETIN 8 - COUNTER REVIEW FOR ELECTRIC (REQUESTED BY ROGER),HILSCHER-CLARKE ELECTRIC CO,
23NCCF-0016,Fire Alarm,"6100 WHIPPLE AVE NW, NORTH CANTON, OH 44720",10/24/2023,,"$2,457.58 ",FIRE ALARM FOR AULTMAN,NORTHEAST OHIO SECURITY SYSTEMS DBA NOESES,
23NCEN-0089,Street Opening,"334 ORCHARD AVE NE, NORTH CANTON, OH 44720",10/24/2023,$200.00 ,,INSTALLATION OF NEW FIBER OPTIC,,
23NCEN-0092,Sewer Repair,"486 ROYER AVE NW, NORTH CANTON, OH 44720",10/24/2023,,$75.75 ,SEWER REPAIR,H JACKS PLUMBING & HEATING CO OF MENTOR,
23NCR-0424,Re-Roof - Residential,"239 WINSTON AVE NE, NORTH CANTON, OH 44720",10/24/2023,"$22,000.00 ",$151.50 ,"ROOF - 1 LAYER REMOVED, INSULATED",WEATHERSEAL HOME SERVICES,
23NCR-0425,Re-Roof - Residential,"1560 YORKSHIRE TER SE, NORTH CANTON, OH 44720",10/24/2023,$150.00 ,$151.50 ,"ROOF - 1 LAYER REMOVED, NOT INSULATED, 12/12 PITCH,",Henderson Roofing and Construction,
23NCRE-0208,Electrical Permit - Residential,"893 BRAEMAR CIR NE, NORTH CANTON, OH 44720",10/24/2023,"$507,000.00 ",$520.96 ,NEW SINGLE FAMILY,One Contact LLC,
23NCRM-0207,Mechanical Permit - Residential,"900 HONEYSUCKLE CIR NE, NORTH CANTON, OH 44720",10/24/2023,"$365,458.25 ",$386.51 ,NEW HOME,Hohler Heating & Cooling Inc.,
23NCRP-0286,Plumbing Permit - Residential,"1344 WILKSHIRE CIR SW, NORTH CANTON, OH 44720",10/24/2023,$75.00 ,$75.75 ,50 GALLON WATER HEATER - NO DIRECT VENT - NO POWER VENT - ELECTRIC - NO EXPANSION TANK,Miracle Plumbing & Heating,
23NCB-0008,Single Family Dwelling,"1290 LONGSHADOW AVE NE, NORTH CANTON, OH 44720",10/25/2023,"$420,000.00 ",$990.63 ,NEW SINGLE FAMILY HOME,VICTORY GATE CUSTOM HOMES,
23NCCA-0028,Commercial Alteration,"210 APPLEGROVE ST NW, NORTH CANTON, OH 44720",10/25/2023,$200.00 ,$360.50 ,ADD A SMALL NIGHT DROP TO ACCEPT DEPOSITS AFTER HOURS WITH THE FACEPLATE GOING ON THE FRONT OF THE BUILDING.,SHARPSCAPES,
23NCCE-0090,Electrical Permit - Commercial,"524 EMERSON AVE NW, NORTH CANTON, OH 44720",10/25/2023,$75.00 ,$154.50 ,UNITS 522/524  - 200 AMP SERVICE UPGRADE/MAIN LIN COME SDOWN INTO TROUGH AND INTO 3 SEPARATE METERS,GRAGG ELECTRICAL,
23NCR-0426,Window Replacement - Residential,"515 BROWNING AVE NW, NORTH CANTON, OH 44720",10/25/2023,"$3,500.00 ",$176.75 ,REPLACING WINDOWS,S & E PROPERTY MANAGEMENT,
23NCR-0427,Window Replacement - Residential,"1392 CIRCLE HILL RD SE, NORTH CANTON, OH 44720",10/25/2023,"$3,019.00 ",$176.75 ,REPLACING WINDOWS,Windows & More Inc.,
23NCR-0428,Residential Alteration,"612 HARMON ST SW, NORTH CANTON, OH 44720",10/25/2023,$175.00 ,$292.90 ,FRAMING REPAIRS TO EXISTING STRUCTURE/INSULATION/DRYWALL/POINT/ROOF/SIDING,BUCKEYE RESTORATION,
23NCR-0429,Deck,"623 N MAIN ST, NORTH CANTON, OH 44720",10/25/2023,$75.00 ,$75.75 ,"REMOVE EXISTING FLOORINW, INSTALL NEW 1 X4"" FLROORING WITH ADA COATING",TERRY FRIEL,
23NCZ-0191,Fence,"715 EMERSON AVE NW, NORTH CANTON, OH 44720",10/25/2023,"$1,000.00 ",$75.00 ,4' VINYL SIDE AND REAR YARD FENCE,RE CONNORS CONSTRUCTION,
23NCR-0430,Re-Roof - Residential,"854 OAKRIDGE ST SW, NORTH CANTON, OH 44720",10/26/2023,$150.00 ,$303.00 ,"ROOF - 1 LAYER REMOVED, INSULATED, 4/ 12 PITCH, REPLACE UNDERLAYMENT DIMENSIONAL SHINGLES",APPLE CREEK ROOFING,
23NCZ-0192,Shed (Zoning Only),"220 GLENWOOD ST SW, NORTH CANTON, OH 44720",10/26/2023,,$75.00 ,12X16 SHED,,
23NCCE-0091,Electrical Permit - Commercial,"150 CLEARMOUNT AVE SE, NORTH CANTON, OH 44720",10/27/2023,$75.00 ,$154.50 ,REPLACING FIRE ALARM PANEL AFTER POWER SURGE,,
23NCR-0431,Deck,"1342 BUTLER ST SE, NORTH CANTON, OH 44720",10/27/2023,"$25,601.00 ",$219.98 ,REMOVE AND REPLACE EXISTING DECK,"Bugh, Inc.",
23NCRE-0219,Electrical Permit - Residential,"1561 WHITTINGHAM ST SE, NORTH CANTON, OH 44720",10/27/2023,$75.00 ,$75.75 ,OUTLETS - INSTALLING NEMA 14-50 OUTLET FOR EV,STG ELECTRIC SERVICES,
23NCRM-0250,Mechanical Permit - Residential,"600 5TH ST NW, NORTH CANTON, OH 44720",10/27/2023,$75.00 ,$75.75 ,REPLACEMENT FURNACE - UNITS 600 & 602,BONSKY HEATING & COOLING LLC,
23NCRM-0252,Mechanical Permit - Residential,"1372 CIRCLE HILL RD SE, NORTH CANTON, OH 44720",10/27/2023,$75.00 ,$75.75 ,EMERGENCY FURNACE AND AC  REPLACEMENT,,
23NCZ-0193,Fence,"1984 WYNSTONE CIR NE, NORTH CANTON, OH 44720",10/27/2023,"$2,666.67 ",$75.00 ,6' VINYL REAR YARD FENCE,"Bugh, Inc.",
23NCZ-0194,Fence,"2010 WYNSTONE CIR NE, NORTH CANTON, OH 44720",10/27/2023,"$2,666.67 ",$75.00 ,6-7 FT VINYL REAR FENCE,"Bugh, Inc.",
23NCZ-0195,Fence,"2020 WYNSTONE CIR NE, NORTH CANTON, OH 44720",10/27/2023,"$2,666.67 ",$75.00 ,6-7' VINYL REAR YARD FENCE,"Bugh, Inc.",
23NCZ-0196,Fence,"349 LINDY LANE AVE NW, NORTH CANTON, OH 44720",10/27/2023,$75.00 ,$75.00 ,5' REAR YARD FENCE,,
23NCCM-0048,Mechanical Permit - Commercial,"1745 BEECHWOOD NE APT 9, NORTH CANTON, OH 44720",10/30/2023,"$4,767.00 ",$77.25 ,REPLACEMENT FURNACE AND AIR,WYLES HEATING & AIR COND,
23NCRM-0228,Mechanical Permit - Residential,"624 6TH ST NW, NORTH CANTON, OH 44720",10/30/2023,"$30,000.00 ",$104.03 ,FLORIDA ROOM - ENCLOSE EXISTING PORCH,MR COMFORT HEATING AND COOLING,
23NCRM-0251,Mechanical Permit - Residential,"1900 WYNSTONE CIR NE, NORTH CANTON, OH 44720",10/30/2023,$75.00 ,$75.75 ,REPLACEMENT FURNACE,SITTLER ENTERPRISES - QUALITY HEATING AND COOLING,
23NCRM-0253,Mechanical Permit - Residential,"420 DILLON CIR NE, NORTH CANTON, OH 44720",10/30/2023,$75.00 ,$75.75 ,REPLACEMENT FURNACE,,
23NCRP-0258,Plumbing Permit - Residential,"1575 YORKSHIRE TER SE, NORTH CANTON, OH 44720",10/30/2023,$150.00 ,$75.75 ,REPLACING WATER HEATER,WILSON PLUMBING & HEATING,
23NCRP-0263,Plumbing Permit - Residential,"1801 SWANHURST CIR NE, NORTH CANTON, OH 44720",10/30/2023,$500.00 ,$75.75 ,WATER HEATER REPLACEMENT,WILSON PLUMBING & HEATING,
23NCRP-0268,Plumbing Permit - Residential,"1116 W MAPLE ST, NORTH CANTON, OH 44720",10/30/2023,$75.00 ,$151.50 ,GAS VALVE REPLACEMENT,THAT HANDYMAN DBA THAT PLUMBER,
23NCRP-0284,Plumbing Permit - Residential,"1035 GLENWOOD ST SW, NORTH CANTON, OH 44720",10/30/2023,$75.00 ,$75.75 ,REPLACE GAS LINES,WILSON PLUMBING & HEATING,
23NCRP-0287,Plumbing Permit - Residential,"301 MISSISSIPPI ST SE, NORTH CANTON, OH 44720",10/30/2023,$75.00 ,$151.50 ,GAS VALVE REPLACEMENT UNIT 3E,THAT HANDYMAN DBA THAT PLUMBER,
23NCCE-0092,Electrical Permit - Commercial,"1113 N MAIN ST, NORTH CANTON, OH 44720",10/31/2023,$500.00 ,$77.25 ,"UNIT 50 - RELOCATE AND REPLACE EXISTING 240 V 20 AMP SINGLE RECEPT FOR PTAC UNIT, REPLACE PTAC UNIT APPLIANCE CORD",ML ELECTRICAL CONTRACTING LLC,
23NCCE-0093,Electrical Permit - Commercial,"334 ORCHARD AVE NE, NORTH CANTON, OH 44720",10/31/2023,$77.00 ,$77.25 ,"TURNSTILES
BULLETIN 8 23NCCA-0026",HILSCHER-CLARKE ELECTRIC CO,
23NCCM-0049,Mechanical Permit - Commercial,"1702 BEECHWOOD AVE NE, NORTH CANTON, OH 44720",10/31/2023,"$1,000.00 ",$77.25 ,UNTI # 24 - INSULATE DUCTWORK,SHANKLIN HEATING & COOLING LLC,
23NCR-0367,Residential Alteration,"1250 WESTVIEW CIR SE, NORTH CANTON, OH 44720",10/31/2023,$200.00 ,$747.81 ,"EXPANDING KITCHEN, REWORKING LAUNDRY/HALF BATH",WEST MAPLE DESIGN & CONSTRUCTION LLC,
23NCR-0433,Residential Alteration,"725 WENDY CIR NE, NORTH CANTON, OH 44720",10/31/2023,$150.00 ,$319.03 ,ATTACHED PATIO COVER ON FRONT OF HOUSE,TERRY FRIEL,
23NCR-0437,Re-Roof - Residential,"1656 WESTFIELD AVE SW, NORTH CANTON, OH 44720",10/31/2023,"$19,191.00 ",$151.50 ,"ROOF - 1 LAYER REMOVED, NOT OVERLAYED, INSULTED, 6 PITCH, REPLACE UNDERLAYMENT LAMINATE SHINGLES",,
23NCR-0438,Re-Roof - Residential,"1005 HILLCREST AVE SW, NORTH CANTON, OH 44720",10/31/2023,"$12,733.00 ",$303.00 ,"ROOF - 1 LAYER REMOVED, INSULATED, REPLACING UNDERLAYMENT,",CANTON ROOFING COMPANY LLC,
23NCRE-0210,Electrical Permit - Residential,"624 6TH ST NW, NORTH CANTON, OH 44720",10/31/2023,"$30,000.00 ",$104.03 ,FLORIDA ROOM - ENCLOSE EXISTING PORCH,KW ELECTRIC,
23NCRE-0221,Electrical Permit - Residential,"426 SCHNEIDER ST SE, NORTH CANTON, OH 44720",10/31/2023,$75.00 ,$75.75 ,"REPLACE THE EXISTING SERICE WITH NEW 200 AMP, 40 CIRCUIT MAIN BREAKER TYPE LOAD CENTER.  BREAKERS FOR THE EXISTING CIRCUITS NEWWEATHER HEAD.  SERVICE CABLE , METER SOCKET, GROUND AND BOND TO CODE.  REFEED GUEST HOUSE LOAD CENTER - REPLACE AND RELOCATE APPROXIMATELY 2' TO LEFT - RUN FEED ON BACK SIDE OF HOUSE - ADD MAST- OVER HEAD SERVICE FOOD TO GARAGE AND 100 AMP 20 CIRCUIT AUTO PANEL",THOMPSON ELECTRIC INC,
23NCRM-0255,Mechanical Permit - Residential,"715 BROWNING AVE NW, NORTH CANTON, OH 44720",10/31/2023,$75.00 ,$75.75 ,REPLACEMENT FURNACE AND AIR,SHANKLIN HEATING & COOLING LLC,
23NCRM-0256,Mechanical Permit - Residential,"815 WEST MAPLE ST, NORTH CANTON, OH 44720",10/31/2023,$75.00 ,$75.75 ,REPLACEMENT FURN AND AIR,,
23NCRP-0288,Plumbing Permit - Residential,"559 N MAIN ST, NORTH CANTON, OH 44720",10/31/2023,$75.00 ,$151.50 ,GAS VALVES,MICHAEL R KOLP DBA JL KOLP PLUMBING & HEATING,
23NCRP-0289,Plumbing Permit - Residential,"565 N MAIN ST, NORTH CANTON, OH 44720",10/31/2023,$75.00 ,$151.50 ,GAS VALVES,MICHAEL R KOLP DBA JL KOLP PLUMBING & HEATING,
23NCRP-0290,Plumbing Permit - Residential,"603 N MAIN ST, NORTH CANTON, OH 44720",10/31/2023,$75.00 ,$151.50 ,GAS VALVES,MICHAEL R KOLP DBA JL KOLP PLUMBING & HEATING,
23NCRE-0201,Electrical Permit - Residential,"1250 WESTVIEW CIR SE, NORTH CANTON, OH 44720",11/1/2023,$200.00 ,$452.60 ,"EXPANDING KITCHEN, REWORKING LAUNDRY/HALF BATH",,
23NCRE-0223,Electrical Permit - Residential,"172 MAPLECREST ST SW, NORTH CANTON, OH 44720",11/1/2023,$75.00 ,$75.75 ,ADD DEDICATED CIRCUIT FOR SUMP PUMP,"Abbott Electric, Inc.",
23NCRE-0224,Electrical Permit - Residential,"2037 50TH ST SE, NORTH CANTON, OH 44720",11/1/2023,$75.00 ,$75.75 ,ADD DEDICATED CIRCUIT FOR SUMP PUMP,"Abbott Electric, Inc.",
23NCRE-0225,Electrical Permit - Residential,"145 HALLUM ST SW, NORTH CANTON, OH 44720",11/1/2023,$75.00 ,$75.75 ,ADD DEDICATED CIRCUIT FOR SUMP PUMP,"Abbott Electric, Inc.",
23NCZ-0197,Sidewalk Repair/Replace,"650 ORION ST NW, NORTH CANTON, OH 44720",11/1/2023,"$6,500.00 ",$50.00 ,2 NEW APRONS,,J CHILDERS TRUCKING AND CONSTRUCTION LLC
23NCRE-0226,Electrical Permit - Residential,"436 ADENA ST NE, NORTH CANTON, OH 44720",11/2/2023,$300.00 ,$75.75 ,DEVICE REPLACEMENT- 6 MISC. REPAIRS. LESS THAN $300,ANYTHING ELECTRIC LLC,
23NCRE-0227,Electrical Permit - Residential,"503 MCKINLEY AVE SE, NORTH CANTON, OH 44720",11/2/2023,"$1,000.00 ",$75.75 ,WIRE A ROOM FOR ELECTRICAL PANELS,ALL OHIO ELECTRIC,
23NCRP-0292,Plumbing Permit - Residential,"416 5TH ST NW, NORTH CANTON, OH 44720",11/2/2023,"$2,000.00 ",$75.75 ,2 GAS LEAK REPAIRS/GAS CAP,,D & A PLUMBING & HEATING INC
23NCRE-0209,Electrical Permit - Residential,"1585 STAYMAN AVE SW, NORTH CANTON, OH 44720",11/3/2023,$150.00 ,$75.75 ,New electrical for 3 new hardwired smoke detectors.,ANYTHING ELECTRIC LLC,
23NCEN-0093,Sewer Repair,"329 DONNER AVE NW, NORTH CANTON, OH 44720",11/6/2023,,$75.75 ,SEWER REPAIR,FLOWPROS SEWER DRAIN & REPAIR SERVICE,
23NCEN-0094,Sewer Repair,"317 VIKING ST NW, NORTH CANTON, OH 44720",11/6/2023,,$75.75 ,SEWER REPAIR,PLUMBING 911,
23NCR-0413,Accessory Structure - Residential,"1533 AMBLER AVE SW, NORTH CANTON, OH 44720",11/6/2023,"$52,000.00 ",$530.25 ,TEAR DOWN AND REBUILD NEW GARAGE IN SAME LOCATION,MILLER'S PREMIER CONSTRUCTION,
23NCR-0432,Re-Roof - Residential,"275 ORCHARD HILL DR SW, NORTH CANTON, OH 44720",11/6/2023,"$21,004.00 ",$303.00 ,"ROOF - 1 LAYER REMOVED, 8/12 PITCH, ASPHALT SHINGLES",BUILDER BROS CONSTRUCTION,LONGHORN CARPENTRY AND CONSTRUCTION
23NCR-0439,Window Replacement - Residential,"508 WISE AVE SE, NORTH CANTON, OH 44720",11/6/2023,"$2,593.00 ",$176.75 ,REMOVE AND REPLACE ONE SLIDING GLASS PATION DOOR,WINDOW WORLD PENN OHIO,
23NCRE-0218,Electrical Permit - Residential,"1488 NEW ENGLAND DR SE, NORTH CANTON, OH 44720",11/6/2023,$75.00 ,$75.75 ,REPLACE WITH 200 AMP SERVICE NEW BREAKERS AND NEW SEU IN PIPE.  UPDATE GROUNDING AS WELL,WILSON PLUMBING & HEATING,
23NCRP-0252,Plumbing Permit - Residential,"900 HONEYSUCKLE CIR NE, NORTH CANTON, OH 44720",11/6/2023,"$365,458.25 ",$386.51 ,NEW HOME,Garber Plumbing,
23NCRP-0274,Plumbing Permit - Residential,"624 6TH ST NW, NORTH CANTON, OH 44720",11/6/2023,"$30,000.00 ",$104.03 ,FLORIDA ROOM - ENCLOSE EXISTING PORCH,"Bell Plumbing, LLC",
23NCRP-0295,Plumbing Permit - Residential,"159 PERSHING AVE SE, NORTH CANTON, OH 44720",11/6/2023,$75.00 ,$75.75 ,GAS VALVES,WILSON PLUMBING & HEATING,
23NCRP-0296,Plumbing Permit - Residential,"1427 LUPE AVE, NORTH CANTON, OH 44720",11/6/2023,$75.00 ,$75.75 ,40 GALLON WATER HEATER - NO DIRECT VENT - NO POWER VENT - NATURAL GAS - NO EXPANSION TANK,Miracle Plumbing & Heating,
23NCR-0442,Re-Roof - Residential,"130 SHERATON DR NW, NORTH CANTON, OH 44720",11/7/2023,"$7,510.00 ",$303.00 ,"ROOF - 1 LAYER REMOVED, NOT OVERLAYED, INSULATED, 6 PITCH, REPLACE UNDERLAYMENT",DIVISION 1 ROOFING,
23NCR-0444,Re-Roof - Residential,"343 EASTBURY AVE NE, NORTH CANTON, OH 44720",11/7/2023,"$13,000.00 ",$151.50 ,"ROOF - 1 LAYER REMOVED, 6/ 12 PITCH, ARCHITECTURAL SHINGLES",COUNTRY ROOFING LLC,
23NCRM-0189,Mechanical Permit - Residential,"1110 WOODROW ST NW, NORTH CANTON, OH 44720",11/7/2023,"$160,000.00 ",$210.20 ,"ADD ADDITION TO EXISTING HOME. ADD BASEMENT, BATH, KITCHEN, TIE INTO EXISTING ROOF SYSTEM. ENLARGE EXISTING KITCHEN. MATCH EXISTING SIDING.",Hill's Heating & Cooling,
23NCRM-0257,Mechanical Permit - Residential,"1680 CHATHAM AVE NE, NORTH CANTON, OH 44720",11/7/2023,$75.00 ,$75.75 ,REPLACING FURNACE AND AC,Crescenze Cooling & Heating,
23NCRP-0256,Plumbing Permit - Residential,"1250 WESTVIEW CIR SE, NORTH CANTON, OH 44720",11/7/2023,"$2,500.00 ",$364.37 ,MASTER BATH REMODEL & KITCHEN SINK/HOT WATER TANK,CURRENCE HOME  MAINTENANCE,Currence Home Maintenance
23NCRP-0291,Plumbing Permit - Residential,"1498 shiloh Run SE, North Canton, OH 44720",11/7/2023,$919.00 ,$75.75 ,replace Rheem 50 gal gas powervent hwt $919 for Crispin DeBellis 330-806-2671,APPC PLUMBING,
23NCRP-0298,Plumbing Permit - Residential,"1120 LYNBROOK ST SE, NORTH CANTON, OH 44720",11/7/2023,$75.00 ,$75.75 ,REPLACE ROTTING CAST IRON STACK,Mr. Rooter Plumbing,
23NCZ-0199,Fence,"1043 E MAPLE ST, NORTH CANTON, OH 44720",11/7/2023,"$8,424.00 ",$75.00 ,6 FOOT VINYL SIDE YARD FENCE,"Bugh, Inc.",
23NCCE-0088,Electrical Permit - Commercial,"1325 S MAIN ST, NORTH CANTON, OH 44720",11/8/2023,"$240,000.00 ",$423.35 ,ONE STORY ADDITION & RENOVATION FOR EDWARD JONES,"O D Miller Electric CO., INC.",
23NCCP-0026,Plumbing Permit - Commercial,"1702 BEECHWOOD AVE NW UNIT 24, NORTH CANTON, OH 44720",11/8/2023,$75.00 ,$161.92 ,"UNIT 24, SMALL KITCHEN FIRE - DEMOING THE KITCHEN, FIXING THE OULET, SINSTALLING CABINETS, FLOORING, DRYWALL AND INSULATION.  WHOLTE UNIT WILL BE REPAINTED AND ALL WOOD WILL BE SEALED.",RICELAND FLOW CARE,
23NCCP-0034,Plumbing Permit - Commercial,"910 N MAIN ST, NORTH CANTON, OH 44720",11/8/2023,$75.00 ,$77.25 ,REPAIRING SHOWER FAUCET; REAIRING CORRODED COPPER FITTINGS AND NEW KITCH FAUCET,BERKEY PLUMBING,
23NCR-0414,Window Replacement - Residential,"714 GLENDALE ST SW, NORTH CANTON, OH 44720",11/8/2023,"$10,800.00 ",$176.75 ,REMOVE 10 WINDOWS AND REPLACE WITH NEW. WE ARE INSTALLING TWO(2) 3-LITE SLIDER WINDOWS AND EIGHT(8) 2-LITE SLIDER WINDOWS. NO STRUCTURAL CHANGES TO OPENING REQUIRED.,UNIVERSAL WINDOWS DIRECT,
23NCR-0435,Residential Alteration,"1592 SPERRY LN SE, NORTH CANTON, OH 44720",11/8/2023,"$31,097.61 ",$566.61 ,"REPAIR SIDING, WINDOWS, DECKING DUE TO A FIRE THAT STARTED OUTSIDE REAR OF HOUSE",Heritage Restoration Network LLC,
23NCRM-0259,Mechanical Permit - Residential,"7822 BRITTANNY DR NE, NORTH CANTON, OH 44720",11/8/2023,$75.00 ,$75.75 ,REPLACING FURNACE,SITTLER ENTERPRISES - QUALITY HEATING AND COOLING,
23NCRP-0297,Plumbing Permit - Residential,"965 WERSTLER AVE NW, NORTH CANTON, OH 44720",11/8/2023,$75.00 ,$75.75 ,"CUT & CAP GAS LINE ABOVE DRYER, CUT AND CAP WATER LINE BEHIND BASEMENT SHOWER, REMOVE VALVE, PRESSURE TEST GAS LINE",SAL'S HEATING & COOLING INC,
23NCRP-0299,Plumbing Permit - Residential,"1209 BEL AIR DR NW, NORTH CANTON, OH 44720",11/8/2023,$75.00 ,$75.75 ,REPAIRING GAS LEAK,PRESTIGE PLUMBING LLC,
23NCRP-0300,Plumbing Permit - Residential,"1203 VALLEY DR NW, NORTH CANTON, OH 44720",11/8/2023,$75.00 ,$75.75 ,REPAIR GAS LEAK,PRESTIGE PLUMBING LLC,
23NCC-0033,Waterproofing - Commercial,"430 N MAIN ST, NORTH CANTON, OH 44720",11/9/2023,"$4,140.00 ",$77.25 ,"DIGGING UP APPROXIMATELY 18"" OF FOUNDATION, WATERPROOF WALLSD, NEW DRAINAGE AS NEEDED","ECO-SEAL HOME SOLUTIONS, LLC",
23NCCM-0046,Mechanical Permit - Commercial,"1325 S MAIN ST, NORTH CANTON, OH 44720",11/9/2023,"$240,000.00 ",$423.35 ,ONE STORY ADDITION & RENOVATION FOR EDWARD JONES,ZONED COMFORT HEATING & COOLING,
23NCEN-0095,Sewer Repair,"1309 WILLOWAY AVE SE, NORTH CANTON, OH 44720",11/9/2023,,$75.75 ,SEWER REPAIR,CANTON STARK COUNTY SEWER CLEANING INC,
23NCR-0441,Window Replacement - Residential,"1671 MEADOWLANE DR SE, NORTH CANTON, OH 44720",11/9/2023,"$5,000.00 ",$176.75 ,"REMOVE AND REPLACE 4 WINDOWS, NO STRUCUTRAL CHANGE",Window Nation,
23NCR-0443,Waterproofing - Residential,"809 GLENDALE ST SW, NORTH CANTON, OH 44720",11/9/2023,"$11,000.00 ",$75.75 ,INSTALLING 87 LNFT INTERIOR WATERPROOFING WITH NEW SUMP PUMP,"Pioneer Basement Waterproofing, Inc.",
23NCR-0446,Re-Roof - Residential,"1629 SPERRY LN SE, NORTH CANTON, OH 44720",11/9/2023,"$10,000.00 ",$151.50 ,"ROO F- 1 LAYER RMEOVED, NOT INSULATED, 8/12 PITCH, REPLACE UNDERLAYMENT",PRO WINDOW AND HOME RENOVATION,
23NCRE-0202,Electrical Permit - Residential,"1290 LONGSHADOW AVE NE, NORTH CANTON, OH 44720",11/9/2023,"$420,000.00 ",$417.61 ,NEW SINGLE FAMILY HOME,"O D Miller Electric CO., INC.",
23NCRE-0213,Electrical Permit - Residential,"1474 ALEXANDRIA PKWY SE, NORTH CANTON, OH 44720",11/9/2023,"$60,000.00 ",$118.41 ,BUILD PORCH ROOF OVER EXISTING PATIO WITH FIREPLACE/PIZZA OVEN,KW ELECTRIC,
23NCRE-0230,Electrical Permit - Residential,"911 WISE AVE SE, NORTH CANTON, OH 44720",11/9/2023,$75.00 ,$75.75 ,ADDING 2 OUTLETS A SWITCH FOR EXTERIOR LIGHTS,ROHR ELECTRIC INC,
23NCRE-0232,Electrical Permit - Residential,"530 CHURCH ST SW, NORTH CANTON, OH 44720",11/9/2023,$99.00 ,$75.75 ,WIRED AND INSTALLED FAN AND LIGHT IN BASEMENT BATHROOM,Jennings Heating and Electric Company Inc,
23NCRM-0261,Mechanical Permit - Residential,"209 5TH ST NE, NORTH CANTON, OH 44720",11/9/2023,$75.00 ,$75.75 ,REPLACING 3 GAS SHOT OFF AND 1 GAS UNION and replacing water shut off valve with gas valve,"Barley's Heating & AC, INC",
23NCZ-0187,Fence,"300 9TH ST NW, NORTH CANTON, OH 44720",11/9/2023,"$5,954.34 ",$75.00 ,A SINGLE 30' X 50' FENCED AREA AT THE SOUTH SIDE OF THE BUILDING USING 4' HIGH VINYL FENCE - PLEASE SEE ATTACHED/APPROVED PLANS,SUPERIOR FENCE AND RAIL OF AKRON,
23NCZ-0200,Shed (Zoning Only),"1344 WILLOWAY AVE SE, NORTH CANTON, OH 44720",11/9/2023,,$75.00 ,8 X 12 SHED,F & J IMPROVEMENT LLC,
23NCC-0035,New Commercial,"1505 N MAIN ST, NORTH CANTON, OH 44720",11/10/2023,$500.00 ,$772.50 ,SIGNS FOR MEIJERS,ARCHER SIGN CORPORATION,
23NCR-0445,Window Replacement - Residential,"411 SHERBROOK CIR NE, NORTH CANTON, OH 44720",11/10/2023,"$7,000.00 ",$176.75 ,"REPLACING 8 WINDOWS
UNIT C",CANTON ALUMINUM SALES CORP,
23NCRP-0265,Plumbing Permit - Residential,"1305 LORRELL AVE SW, NORTH CANTON, OH 44720",11/10/2023,$150.00 ,$75.75 ,CHANGING OUT GAS VALVES,JEFF THE PLUMBER INC,
23NCRP-0302,Plumbing Permit - Residential,"1634 Arnesby Cir NW, North Canton, OH 44720",11/10/2023,$759.00 ,$75.75 ,replace Rheem 40 gal gas hwt $759 for Gerald Brown 330-354-7813,APPC PLUMBING,
23NCZ-0190,Sign Permit,"1505 N MAIN ST, NORTH CANTON, OH 44720",11/10/2023,$500.00 ,$500.00 ,SIGNS FOR MEIJERS,ARCHER SIGN CORPORATION,
23NCCA-0006,Commercial Alteration,"1664 N MAIN ST, NORTH CANTON, OH 44720",11/13/2023,"$18,000.00 ","$1,032.58 ","INTERIOR ALTERATIONS TO EXISTING MARCS FOOD STORE FOR NEW SELF CHECK OUT COUNTERS, NEW MEAT COOLER, NEW BEER COOLER, AND REWORK SALES AREA SHELVING",TEMPERATURE TECHNOLOGIES,TEMPERATURE TECHNOLOGIES
23NCCE-0009,Electrical Permit - Commercial,"1664 N MAIN ST, NORTH CANTON, OH 44720",11/13/2023,"$18,000.00 ",$769.93 ,"INTERIOR ALTERATIONS TO EXISTING MARCS FOOD STORE FOR NEW SELF CHECK OUT COUNTERS, NEW MEAT COOLER, NEW BEER COOLER, AND REWORK SALES AREA SHELVING",BARILLE CONSTRUCTION CO,
23NCR-0440,Residential Alteration,"215 WEBER AVE NE, NORTH CANTON, OH 44720",11/13/2023,"$17,300.00 ",$208.57 ,INSTALL ROOF MOUNTED SOLAR PV SYSTEM,CNE ELECTRICAL CONTRACTORS,
23NCR-0448,Re-Roof - Residential,"215 WEBER AVE NE, NORTH CANTON, OH 44720",11/13/2023,"$12,250.00 ",$151.50 ,"ROOF - 1 LAYER REMOVED, NOT OVERLAYED, NOT INSULATED, 4/12 PITCH, REPLACE UNDERLAYMENT, ARCHITECTURAL",SKYLINE ROOFING & EXTERIORS LTD,
23NCRE-0228,Electrical Permit - Residential,"215 WEBER AVE NE, NORTH CANTON, OH 44720",11/13/2023,"$17,300.00 ",$75.75 ,INSTALL ROOF MOUNTED SOLAR PV SYSTEM,CNE ELECTRICAL CONTRACTORS,
23NCRE-0233,Electrical Permit - Residential,"1494 RADFORD ST NE, NORTH CANTON, OH 44720",11/13/2023,$75.00 ,$75.75 ,GENERATOR,,
23NCRP-0301,Mechanical Permit - Residential,"1494 RADFORD ST NE, NORTH CANTON, OH 44720",11/13/2023,$75.00 ,$75.75 ,GENERATOR,,
23NCRP-0303,Plumbing Permit - Residential,"1787 BEECHWOOD AVE NE APT 2, NORTH CANTON, OH 44720",11/13/2023,$75.00 ,$75.75 ,40 GALLON WATER HEATER - NO DIRECT VENT - NO POWER VENT - NATURAL GAS - EXPANSION TANK,JEM Plumbing Inc.,
23NCCM-0050,Mechanical Permit - Commercial,"600 S MAIN ST, NORTH CANTON, OH 44720",11/14/2023,$77.00 ,$77.25 ,REPLACING 2 FURNACES AND 1 AC,SITTLER ENTERPRISES - QUALITY HEATING AND COOLING,
23NCR-0449,Re-Roof - Residential,"1527 MABRY MILL DR SW, NORTH CANTON, OH 44720",11/14/2023,$150.00 ,$151.50 ,"ROOF - 1 LAYER REMOVED, NOT INSULATED, 6/12 PITCH, REPLACE UNDERLAYMENT, METAL ROOF",PENCE BROS,
23NCRE-0234,Electrical Permit - Residential,"236 PARKVIEW AVE NW, NORTH CANTON, OH 44720",11/14/2023,$75.00 ,$75.75 ,REPLACE OUTSIDE LIGHT FIXTURES,D E BUSH ELECTRIC INC,
23NCRM-0258,Mechanical Permit - Residential,"480 WILLAMAN AVE NW, NORTH CANTON, OH 44720",11/14/2023,$75.00 ,$151.50 ,REPLACING HOT WATER TANK,SITTLER ENTERPRISES - QUALITY HEATING AND COOLING,
23NCRM-0263,Mechanical Permit - Residential,"1681 MEADOWLANE DR SE, NORTH CANTON, OH 44720",11/14/2023,$75.00 ,$151.50 ,FURNACE AND AIR COND,"C R Kurtz, Inc",
23NCRP-0293,Plumbing Permit - Residential,"1561 WHITTINGHAM ST SE, NORTH CANTON, OH 44720",11/14/2023,"$1,000.00 ",$75.75 ,REMOVING BACKFLOW,,R T HAMPTON PLUMBING & HEATING
23NCZ-0201,Sign Permit,"6400 WISE AVE, NORTH CANTON, OH 44720",11/14/2023,$100.00 ,$600.00 ,WALL BUSINESS ID SIGN,,
23NCZ-0202,Shed (Zoning Only),"1013 SCHNEIDER ST SE, NORTH CANTON, OH 44720",11/14/2023,,$75.00 ,8 X 12 SHED,,
23NCZ-0205,Driveway/Walkway,"334 ORCHARD AVE, NORTH CANTON, OH 44720",11/14/2023,"$64,000.00 ",$75.00 ,MAINTENANCE FOR EXISTING NONFORMING PARKING LOT,Scheetz Building Corp.,
23NCCP-0035,Plumbing Permit - Commercial,"405 SHERATON DR NW, NORTH CANTON, OH 44720",11/15/2023,$150.00 ,$77.25 ,GAS LINE REPLACEMENTS FOR UNITS 405-427,CANTON STARK COUNTY SEWER CLEANING INC,
23NCEN-0096,Sewer Repair,"759 SUMMIT CIR SE, NORTH CANTON, OH 44720",11/15/2023,,$75.75 ,SEWER REPAIR,CANTON STARK COUNTY SEWER CLEANING INC,
23NCR-0423,Re-Roof - Residential,"519 WOODROW ST NW, NORTH CANTON, OH 44720",11/15/2023,"$19,900.00 ",$303.00 ,"ROO F- 1 LAYER REMOVED, INSULATED, 10/12 PITCH, REPLACE UNDERLAYMENT, METAL SHINGLES",WAYNE H MILLER AND SONS ROOFING LLC,
23NCR-0450,Patio,"300 9TH ST NW, NORTH CANTON, OH 44720",11/15/2023,"$10,049.00 ",$75.00 ,PAVER PATIO,,
23NCR-0451,Re-Roof - Residential,"632 5TH ST NW, NORTH CANTON, OH 44720",11/15/2023,"$12,274.00 ",$151.50 ,"ROOF - 1 LAYER REMOVED, NOT OVERLAYED, 4/12 PITCH, REPLACING UNDERLAYMENT, OWENS CORNING SHINGLES",ARBOR RIDGE CONSTRUCTION,
23NCRE-0236,Electrical Permit - Residential,"612 HARMON ST SW, NORTH CANTON, OH 44720",11/15/2023,"$1,000.00 ",$75.75 ,METER BASE REPLACEMENT,HILSCHER-CLARKE ELECTRIC CO,
23NCRM-0260,Mechanical Permit - Residential,"1648 MEADOWLANE DR SE, NORTH CANTON, OH 44720",11/15/2023,$75.00 ,$151.50 ,REPLACEMENT FURNACE AND AIR,,
23NCZ-0203,Fence,"1546 PATRIOTS PT SE, NORTH CANTON, OH 44720",11/15/2023,"$10,000.00 ",$75.00 ,4' ALUMINUM REAR YARD FENCE,JSCAPES DESIGN & INSTALLATION,
23NCZ-0206,Fence,"519 EMERSON AVE NW, NORTH CANTON, OH 44720",11/15/2023,"$3,050.00 ",$75.00 ,4' VINYL REAR YARD FENCE,Southway Fence Company,
23NCC-0036,Re-Roof - Commercial,"330 SCHNEIDER ST SE, NORTH CANTON, OH 44720",11/16/2023,"$17,000.00 ",$309.00 ,"ROO F- 1 LAYER NOT REMOVED, OVERLAYED, NOT INSULATED, NOT REPLACING UNDERLAYMENT",,
23NCR-0452,Re-Roof - Residential,"331 CHAPPLE HILL DR NE, NORTH CANTON, OH 44720",11/16/2023,$150.00 ,$151.50 ,ROOF -,YODER HOME IMPROVEMENT LTD,
23NCRE-0237,Electrical Permit - Residential,"160 WOODSIDE AVE NE, NORTH CANTON, OH 44720",11/16/2023,"$2,000.00 ",$75.75 ,"CHANGING 3 PANELS, OUDOOR CABLE FOR SERVICE.  NOT CHANGING METERS.  THIS IS A TRIPLEX","Abbott Electric, Inc.",
23NCRE-0238,Electrical Permit - Residential,"607 APPLEGROVE ST NW, NORTH CANTON, OH 44720",11/16/2023,$75.00 ,$75.75 ,REPLACE ELECTRIC PANELS IN UNITS 607 AND 609,THREE WIRE ELECTRIC,
23NCRE-0239,Electrical Permit - Residential,"705 APPLEGROVE ST NW, NORTH CANTON, OH 44720",11/16/2023,$75.00 ,$75.75 ,REPLACE ELECTRICAL PANEL IN UNITS 705 AND 709,THREE WIRE ELECTRIC,
23NCRE-0240,Electrical Permit - Residential,"1427 ELLESMERE AVE NW, NORTH CANTON, OH 44720",11/16/2023,$75.00 ,$75.75 ,REPLACE ELECTRICAL PANEL IN UNITS 1427 1429,THREE WIRE ELECTRIC,
23NCRM-0262,Mechanical Permit - Residential,"225 BACHTEL ST SE, NORTH CANTON, OH 44720",11/16/2023,$75.00 ,$151.50 ,REPLACEMENT FURNACE AND DUCT WORK,GMC Heating & Cooling,
23NCZ-0208,Fence,"1112 W MAPLE ST, NORTH CANTON, OH 44720",11/16/2023,"$34,000.00 ",$75.00 ,MAPLE CREEK TOWNHOUSE - REPLACING PRIVACY OCCUPANT FENCES,,
22NCEN-0023,Sewer Connection - New,"200 CHARLOTTE ST NW, NORTH CANTON, OH 44720",11/17/2023,,$1.00 ,"New 2 story Primary School which will house grades Pk-2.  The building is 104,623 s.f. The early site work has commenced and we have approval from the Plann Commission as of Nov 2021 board meeting",,
23NCC-0037,Window Replacement - Commercial,"114 ROSE LANE ST SW, NORTH CANTON, OH 44720",11/17/2023,"$1,535.00 ",$77.25 ,GLASS BLOCK WINDOWS IN BASEMENT,PRECISION GLASS BLOCK,
23NCC-0038,Window Replacement - Commercial,"122 ROSE LANE ST SW, NORTH CANTON, OH 44720",11/17/2023,"$1,535.00 ",$77.25 ,GLASS BLOCK WINDOWS IN BASEMENT,PRECISION GLASS BLOCK,
23NCR-0456,Re-Roof - Residential,"242 7TH ST NE, NORTH CANTON, OH 44720",11/17/2023,$150.00 ,$151.50 ,"ROOF - 1 LAYER REMOVED, INSULATED, 4-5 PITCH, REPLACE UNDERLAYMENT, DIMENSIONAL SHINGLES",B M ROOFING CO,
23NCRM-0266,Mechanical Permit - Residential,"104 N CIRCLE DR, NORTH CANTON, OH 44720",11/17/2023,$75.00 ,$75.75 ,REPLACEMENT FURNACE AND AIR,BONSKY HEATING & COOLING LLC,
23NCO-0012,Certificate of Occupancy,"200 CHARLOTTE ST NW, NORTH CANTON, OH 44720",11/20/2023,$50.00 ,$50.00 ,"CERTIFICATE OF OCCUPANCY FOR PRESCHOOL SECTION OF THE SCHOOL.
1ST FLOOR WEST END",,
23NCR-0454,Re-Roof - Residential,"1615 LANCASTER GATE SE, NORTH CANTON, OH 44720",11/20/2023,"$8,000.00 ",$151.50 ,"ROOF - 1 LAYER RMEOVED, NOT OVERLAYED, INSULATED, 6/12 PITCH, REPLACE UNDERLAYMENT ASPHALT",Roofsmith Restoration,
23NCR-0455,Re-Roof - Residential,"2021 PENHURST CIR NE, NORTH CANTON, OH 44720",11/20/2023,"$8,000.00 ",$151.50 ,"ROOF - 1 LAYER REMOVED, NOT OVERLAYED, INSULATED, 6/12 PITCH, REPLACE UNDERLAYMENT, OWENS CORNING",Roofsmith Restoration,
23NCRM-0264,Mechanical Permit - Residential,"1574 ELBERTA AVE SW, NORTH CANTON, OH 44720",11/20/2023,$75.00 ,$75.75 ,REPLACEMENT FURN AND AIR,SITTLER ENTERPRISES - QUALITY HEATING AND COOLING,
23NCRM-0265,Mechanical Permit - Residential,"1010 EDGEWOOD ST SE, NORTH CANTON, OH 44720",11/20/2023,$75.00 ,$75.75 ,REPLACEMENT FURNACE,SITTLER ENTERPRISES - QUALITY HEATING AND COOLING,
23NCRM-0267,Mechanical Permit - Residential,"1381 CASTLEWOOD AVE SW, NORTH CANTON, OH 44720",11/20/2023,$75.00 ,$75.75 ,REPLACEMENT FURNACE,ELSASS HEATING & COOLING INC,
23NCRM-0269,Mechanical Permit - Residential,"486 ROYER AVE NW, NORTH CANTON, OH 44720",11/20/2023,$75.00 ,$75.75 ,REPLACEMENT FURNACE,,
23NCRP-0304,Plumbing Permit - Residential,"303 WISE AVE NE, NORTH CANTON, OH 44720",11/20/2023,$75.00 ,$151.50 ,STACK REPLACEMENT GAS VALVES AND LINES,JEM Plumbing Inc.,
23NCRP-0305,Plumbing Permit - Residential,"1006 Schneider St SE, North Canton, OH 44720",11/20/2023,$500.00 ,$75.75 ,Replacement of residential water heater 40 gallon gas.,BUCKEYE PLUMBING,
23NCRP-0307,Plumbing Permit - Residential,"302 W MAPLE ST, NORTH CANTON, OH 44720",11/20/2023,$75.00 ,$75.75 ,REPLACEMENT GAS VALVES,COUNTRYSIDE PLUMBING,
23NCZ-0198,Sign Permit,"100 W MAPLE ST, NORTH CANTON, OH 44720",11/20/2023,$100.00 ,$100.00 ,"FREE STANDING RESIDENTIAL DEVELOPMENT ID 
MAPLE CREEK CONDOMINIUMS",,
23NCZ-0209,Fence,"1546 PATRIOTS PT SE, NORTH CANTON, OH 44720",11/20/2023,$75.00 ,$75.00 ,4 FOOT ALUMINUM SIDE YARD FENCE,SUPERIOR FENCE AND RAIL OF AKRON,
23NCR-0457,Re-Roof - Residential,"403 EVERHARD RD SW, NORTH CANTON, OH 44720",11/21/2023,"$8,540.00 ",$151.50 ,"ROO F - 1 LAYER REMOVED, NOT OVERLAYED, NOT INSULATED, 7/12 PITCH, REPLACE UNDERLAYMENT,",KERR BROS ROOFING CORP,
23NCRE-0181,Electrical Permit - Residential,"1110 WOODROW ST NW, NORTH CANTON, OH 44720",11/21/2023,"$160,000.00 ",$210.20 ,"ADD ADDITION TO EXISTING HOME. ADD BASEMENT, BATH, KITCHEN, TIE INTO EXISTING ROOF SYSTEM. ENLARGE EXISTING KITCHEN. MATCH EXISTING SIDING.",,
23NCRM-0237,Mechanical Permit - Residential,"1323 WOODROW ST NW, NORTH CANTON, OH 44720",11/21/2023,$75.00 ,$75.75 ,REPLACEMENT FURNACE,Bernard Mechanical,
23NCRM-0268,Mechanical Permit - Residential,"1425 CORNELL AVE SW, NORTH CANTON, OH 44720",11/21/2023,$75.00 ,$75.75 ,REPLACEMENT FURNACE,ELSASS HEATING & COOLING INC,
23NCRP-0306,Plumbing Permit - Residential,"1105 W Maple St, North Canton, OH 44720",11/21/2023,$500.00 ,$75.75 ,Electric Water Heater Installation,BUCKEYE PLUMBING,
23NCRP-0308,Plumbing Permit - Residential,"334 WILLAMAN AVE NW, NORTH CANTON, OH 44720",11/21/2023,$75.00 ,$75.75 ,REPLACE GAS VALVES AT WATER HEATER AND FURNACE,J GORMAN PLUMBING,
23NCRM-0200,Mechanical Permit - Residential,"7760 BRITTANNY DR NE, NORTH CANTON, OH 44720",11/22/2023,$250.00 ,$75.75 ,REPLACING A/C IN UPSTAIRS GARAGE,Blind & Sons,
23NCRM-0270,Mechanical Permit - Residential,"824 HARMON ST SW, NORTH CANTON, OH 44720",11/22/2023,$75.00 ,$75.75 ,REPLACING FURNACE,SITTLER ENTERPRISES - QUALITY HEATING AND COOLING,
23NCRP-0309,Plumbing Permit - Residential,"740 W MAPLE ST, NORTH CANTON, OH 44720",11/22/2023,$75.00 ,$75.75 ,REPAIR GAS AND WATER LEAK,Hartville Plumbing,
23NCCA-0032,Commercial Alteration,"334 ORCHARD AVE, NORTH CANTON, OH 44720",11/27/2023,$206.00 ,"$1,454.36 ",EXECUTIVE OFFICES BUILDOUT,Scheetz Building Corp.,
23NCEN-0097,Sewer Repair,"730 SUMMIT CIR SE, NORTH CANTON, OH 44720",11/27/2023,,$75.75 ,SEWER REPAIR,CANTON STARK COUNTY SEWER CLEANING INC,
23NCR-0461,Window Replacement - Residential,"1384 ALEXANDRIA PKWY SE, NORTH CANTON, OH 44720",11/27/2023,"$16,000.00 ",$176.75 ,REPLACING 13 WINDOWS,CANTON ALUMINUM SALES CORP,
23NCRP-0257,Plumbing Permit - Residential,"147 BONNETT ST SW, NORTH CANTON, OH 44720",11/27/2023,$150.00 ,$75.75 ,"REPLACING WATER HEATER,",WILSON PLUMBING & HEATING,
23NCCE-0100,Electrical Permit - Commercial,"334 ORCHARD AVE, NORTH CANTON, OH 44720",11/28/2023,$206.00 ,"$1,130.63 ",EXECUTIVE OFFICES BUILDOUT,HILSCHER-CLARKE ELECTRIC CO,
23NCO-0011,Certificate of Occupancy,"207 SCHNEIDER ST SE, NORTH CANTON, OH 44720",11/28/2023,$50.00 ,$50.00 ,CERT OF OCC,,
23NCR-0436,Deck,"624 6TH ST NW, NORTH CANTON, OH 44720",11/28/2023,"$30,000.00 ",$309.97 ,FLORIDA ROOM - ENCLOSE EXISTING PORCH,DAVALS HOME IMPROVEMENT LLC,
23NCR-0459,Re-Roof - Residential,"1460 HILLBROOK AVE SE, NORTH CANTON, OH 44720",11/28/2023,"$56,602.00 ",$151.50 ,"ROOF - 1 LAYER REMOVED, INSULATED, 10/12 PITCH, REPLACING UNDERLYAMENT OAKRIDGE AR OWENS CORNING",S W A T ROOFING LTD,
23NCRE-0241,Electrical Permit - Residential,"809 GLENDALE ST SW, NORTH CANTON, OH 44720",11/28/2023,$75.00 ,$75.75 ,INSTALL 20-AMP DEDICATED OUT FOR SUMP PUMP,"Abbott Electric, Inc.",
23NCRM-0271,Mechanical Permit - Residential,"1689 MEADOWLANE DR SE, NORTH CANTON, OH 44720",11/28/2023,$75.00 ,$75.75 ,REPLACEMENT FURNACE AND AIR,Blind & Sons,
23NCRP-0311,Plumbing Permit - Residential,"649 KNOLL ST SE, NORTH CANTON, OH 44720",11/28/2023,"$4,800.00 ",$75.75 ,GAS LINE,Miracle Plumbing & Heating,
23NCR-0463,Re-Roof - Residential,"635 W MAPLE ST, NORTH CANTON, OH 44720",11/29/2023,"$14,326.71 ",$151.50 ,"ROOF - 1 LAYER REMOVED, NOT OVERLAYED, 8/12 PITCH, RIBBED METAL ROOFING",Royalty Roofing LLC,
23NCRE-0086,Electrical Permit - Residential,"936 WOODSIDE AVE SE, NORTH CANTON, OH 44720",11/29/2023,$500.00 ,$75.75 ,GENERAL WIRING CLEAN UP-REPAIRS FOR PREVIOUS WORK COMPLETED BY OTHERS WITHOUT A PERMIT,"Abbott Electric, Inc.",
23NCRE-0212,Electrical Permit - Residential,"1558 AMBLER AVE SW, NORTH CANTON, OH 44720",11/29/2023,"$82,000.00 ",$282.11 ,MAKE EXISTING GARAGE MASTER BEDROOM.  NEW 2 CAR GARAGE IN FRONT OF BEDROOM,PAULI ELECTRIC INC,
23NCRE-0242,Electrical Permit - Residential,"510 PIERCE AVE NW, NORTH CANTON, OH 44720",11/29/2023,$75.00 ,$75.75 ,INSTALL 20-AMP DEDICATED FOR SUMP PUMP,"Abbott Electric, Inc.",
23NCRE-0243,Electrical Permit - Residential,"807 FAIRVIEW ST SE, NORTH CANTON, OH 44720",11/29/2023,$75.00 ,$75.75 ,REPLACE EXISTING 200 A FEDERAL PACIFIC MAIN PANEL,Est Electric LTD,
23NCRM-0272,Mechanical Permit - Residential,"706 WEBER AVE NE, NORTH CANTON, OH 44720",11/29/2023,$75.00 ,$75.75 ,REPLACEMENT FURNACE AND AIR,BONSKY HEATING & COOLING LLC,
23NCRP-0313,Plumbing Permit - Residential,"905 LORENA ST SW, NORTH CANTON, OH 44720",11/29/2023,$75.00 ,$75.75 ,WATER HEATER,H JACKS PLUMBING & HEATING CO OF MENTOR,
23NCEN-0098,Sewer Repair,"330 HARMON ST SW, NORTH CANTON, OH 44720",11/30/2023,,$75.75 ,SEWER REPAIR,FLOWPROS SEWER DRAIN & REPAIR SERVICE,
23NCR-0465,Re-Roof - Residential,"338 ROSE LANE ST SW, NORTH CANTON, OH 44720",11/30/2023,"$12,500.00 ",$151.50 ,"ROOF - 1 LAYER REMOVED, INSULATED, 4/ 12 PITCH, REPLACE UNDERLAYMENT, DIMENSIONAL SHINGLES",DESIGN RESTORATION & RECONSTRUCTION,
23NCR-0467,Re-Roof - Residential,"1209 OVERRIDGE AVE SE, NORTH CANTON, OH 44720",11/30/2023,"$6,360.00 ",$151.50 ,"ROOF - 1 LAYER REMOVED, NOT INSULATED, 4/12 PITCH, REPLACE UNDERLAYMENT, LANDMARK CERTAINTEED SHINGLES",Henderson Roofing and Construction,
23NCRM-0273,Mechanical Permit - Residential,"1136 ROSEWOOD CIR SE, NORTH CANTON, OH 44720",11/30/2023,$75.00 ,$75.75 ,REPLACEMENT FURNACE,COMFORTPRO HEATING & COOLING LLC,
23NCRM-0274,Mechanical Permit - Residential,"310 BACHTEL ST SW, NORTH CANTON, OH 44720",11/30/2023,$75.00 ,$75.75 ,REPLACEMENT FURNACE,Forquer Heating & AC,
23NCRM-0275,Mechanical Permit - Residential,"630 SCHNEIDER ST SE, NORTH CANTON, OH 44720",11/30/2023,$75.00 ,$75.75 ,REPLACEMENT FURNACE AND HOT WATER TANK,SITTLER ENTERPRISES - QUALITY HEATING AND COOLING,
23NCRP-0310,Plumbing Permit - Residential,"424 Weber Ave NE, North Canton, OH 44720",11/30/2023,$759.00 ,$75.75 ,"replace Rheem 50 gal gas hwt $759 for Christian Harwell 330-704-6350
NO POWER VENT, NATURAL GAS, EXPANSION TANK",APPC PLUMBING,
23NCRP-0312,Plumbing Permit - Residential,"158 TAFT AVE NE, NORTH CANTON, OH 44720",11/30/2023,$75.00 ,$75.75 ,GAS VALVES AND A METER INSPECTION INSTALLED BY OTHERS,THAT HANDYMAN DBA THAT PLUMBER,
23NCRP-0314,Plumbing Permit - Residential,"319 WEBER AVE NE, NORTH CANTON, OH 44720",11/30/2023,$75.00 ,$75.75 ,REPLACE GAS VALVES FOR FURNACE AND HOT WATER TANK,JEM Plumbing Inc.,
23NCCM-0054,Mechanical Permit - Commercial,"211 APPLEGROVE ST NW, NORTH CANTON, OH 44720",12/1/2023,"$10,834.00 ",$77.25 ,ROOF TOP UNIT REPLACEMENT,,"C R Kurtz, Inc"
23NCRM-0276,Mechanical Permit - Residential,"703 BACHTEL ST SE, NORTH CANTON, OH 44720",12/4/2023,"$4,300.00 ",$75.75 ,REPLACING FURNACE,,"C.R. KURTZ, INC"
23NCRP-0315,Plumbing Permit - Residential,"1212 LINWOOD AVE SW, NORTH CANTON, OH 44720",12/4/2023,$75.00 ,$75.75 ,50 GALLON WATER HEATER - NO DIRECT VENT - NO POWER VENT - ELECTRIC - NO EXPANSION TANK,HOMEOWNER,
23NCCM-0053,Mechanical Permit - Commercial,"334 ORCHARD AVE, NORTH CANTON, OH 44720",12/5/2023,$206.00 ,"$1,130.63 ",EXECUTIVE OFFICES BUILDOUT,STANDARD PLUMBING & HEATING,
23NCCP-0038,Plumbing Permit - Commercial,"334 ORCHARD AVE, NORTH CANTON, OH 44720",12/5/2023,"$8,000.00 ",$363.08 ,ADDING A KITCHEN SINK. EXECUTIVE OFFICE BUILD OUT,STANDARD PLUMBING & HEATING,
23NCR-0466,Siding - Residential,"115 FAR VIEW DR SW, NORTH CANTON, OH 44720",12/5/2023,"$31,044.00 ",$75.75 ,JAMES HARDIE SIDING 20 SQUARE,Royalty Roofing LLC,
23NCR-0470,Re-Roof - Residential,"350 EDGEWOOD ST SE, NORTH CANTON, OH 44720",12/5/2023,$150.00 ,$303.00 ,ROOF -,CANTON ROOFING COMPANY LLC,
23NCRE-0244,Electrical Permit - Residential,"317 5TH ST NW, NORTH CANTON, OH 44720",12/5/2023,$75.00 ,$75.75 ,UPGARDE EXTERIOR SERVICE TO 200 A UPDATE GROUNDING,,
23NCRP-0317,Plumbing Permit - Residential,"10 BENTLEY DR S, NORTH CANTON, OH 44720",12/5/2023,$75.00 ,$75.75 ,50 GALLON WATER HEATER - NO DIRECT VENT - NO POWER VENT - NATURAL GAS - NO EXPANSION TANK,Miracle Plumbing & Heating,
23NCR-0462,Window Replacement - Residential,"557 GLENWOOD ST SW, NORTH CANTON, OH 44720",12/6/2023,$75.00 ,$176.75 ,WINDOWS,KOONS CONCRETE AND CONSTRUCTION,
23NCR-0473,Re-Roof - Residential,"1355 SALWAY AVE SW, NORTH CANTON, OH 44720",12/6/2023,"$12,000.00 ",$151.50 ,"ROOF - 1 LAYER REMOVED, NOT OVERLAYED, INSULATED, 4/12 PITCH, REPLACE UNDERLAYMENT ASPHALT CERTAIN TEED SHINGLES",,
23NCR-0474,Re-Roof - Residential,"2051 KINGSCOTE CIR NE, NORTH CANTON, OH 44720",12/6/2023,"$21,900.00 ",$227.25 ,"ROOF - 1 LAYER REMOVED, INSULATED, DIMENSIONAL SHINGLES",B M ROOFING CO,
23NCZ-0210,Sign Permit,"2197 E MAPLE ST, NORTH CANTON, OH 44720",12/6/2023,$400.00 ,$400.00 ,NEW SIGNS FOR STARBUCKS,,
21NCR-0242,Re-Roof - Residential,"855 9TH ST NE NORTH, NORTH CANTON, OH 44720",12/7/2023,$151.00 ,$151.50 ,"ROOF - 1 LAYER REMOVED, INSULATED, 4/12 PITCH, REPLACE UNDERLAYMENT, ASHPHALT",,
23NCR-0460,Retaining Wall,"127 10TH ST NE, NORTH CANTON, OH 44720",12/7/2023,"$4,600.00 ",$75.00 ,RETAINING WALL,HOMEOWNER,
23NCR-0471,Window Replacement - Residential,"1210 LYNHURST CIR SW, NORTH CANTON, OH 44720",12/7/2023,"$6,673.00 ",$176.75 ,"REMOVE AND REPLACE 3 DOORS, NO STRUCTURAL CHANGE",Window Nation,
23NCR-0472,Window Replacement - Residential,"315 W MAPLE ST, NORTH CANTON, OH 44720",12/7/2023,"$10,000.00 ",$176.75 ,"2 STORM DOORS, 11 REPLACEMENT WINDOWS",CANTON ALUMINUM SALES CORP,
23NCR-0475,Re-Roof - Residential,"135 7TH ST NE, NORTH CANTON, OH 44720",12/7/2023,"$10,000.00 ",$303.00 ,"ROOF - 1 LAYER REMOVED, NOT OVERLAYED, INSULATED, 6/12 PITCH, REPLACE UNDERLAYMENT, CHARCOAL DIMENSIONAL SHINGLES",ABF ROOFING & RESTORATION LLC,
23NCR-0476,Re-Roof - Residential,"414 10TH ST NE, NORTH CANTON, OH 44720",12/7/2023,$150.00 ,$151.50 ,"ROOF - 1 LAYER NOT REMOVED, OVERLAYED, NOT INSULATED, 6/12 PITCH, NOT REPLACING UNDERLAYMENT - METAL OVER SHINGLES",,
23NCRP-0319,Plumbing Permit - Residential,"175 APPLEGROVE ST NE APT A11, NORTH CANTON, OH 44720",12/7/2023,$75.00 ,$75.75 ,40 GALLON WATER HEATER - NO DIRECT VENT - NO POWER VENT - NATURAL GAS -  YES EXPANSION TANK,JEM Plumbing Inc.,
23NCCM-0041,Mechanical Permit - Commercial,"950 S MAIN ST, NORTH CANTON, OH 44720",12/8/2023,$200.00 ,$77.25 ,ROOF TOP UNIT,RELIABLE HEATING & COOLING,
23NCRE-0245,Electrical Permit - Residential,"725 WENDY CIR NE, NORTH CANTON, OH 44720",12/8/2023,$75.00 ,$98.37 ,ELECTRIC FOR PORCH ENCLOSURE,HALL'S ELECTRICAL SERVICE LLC,
23NCRM-0277,Mechanical Permit - Residential,"515 WOODSIDE AVE SE, NORTH CANTON, OH 44720",12/8/2023,$75.00 ,$75.75 ,REPLACEMENT FURNACE,Forquer Heating & AC,
23NCRM-0278,Mechanical Permit - Residential,"1604 SPERRY LN SE, NORTH CANTON, OH 44720",12/8/2023,$75.00 ,$75.75 ,REPLACEMENT FURNACE,SITTLER ENTERPRISES - QUALITY HEATING AND COOLING,
23NCRP-0320,Plumbing Permit - Residential,"202 PERSHING AVE NE, NORTH CANTON, OH 44720",12/8/2023,$75.00 ,$75.75 ,REPAIRED LEAKS BY INSPECTOR,Miracle Plumbing & Heating,
23NCEN-0099,Sewer Repair,"822 S MAIN ST, NORTH CANTON, OH 44720",12/11/2023,,$77.25 ,SEWER REPAIR,,
23NCCA-0030,Commercial Alteration,"6531 MARKET AVE N SUITE 200, NORTH CANTON, OH 44720",12/12/2023,"$244,737.60 ",$668.06 ,INTERIOR TENANT ALTERATION TO EDWARD JONES OFFICE,TBD,
23NCCM-0055,Mechanical Permit - Commercial,"805 APPLEGROVE ST NW UNIT 1304, NORTH CANTON, OH 44720",12/12/2023,$75.00 ,$77.25 ,REPLACEMENT WATER HEATER,Forquer Heating & AC,
23NCR-0477,Re-Roof - Residential,"1037 VALLEY DR NW, NORTH CANTON, OH 44720",12/12/2023,"$8,000.00 ",$151.50 ,"ROO F- 1 LAYER REMOVED, NOT OVERLAYED, INSULATED, 4/12 PITCH, REPLACE UNDERLAYMENT DIMENSIONAL SHINGLES",PREMIER CONSTRUCTION AND RESTORATION SERVICES,
23NCRP-0318,Plumbing Permit - Residential,"416 ROSE LANE ST SE, NORTH CANTON, OH 44720",12/12/2023,$75.00 ,$75.75 ,INTERIOR GAS LINE REPAIR,"Bell Plumbing, LLC",
23NCRP-0321,Plumbing Permit - Residential,"173 APPLEGROBE ST NE APT B3, NORTH CANTON, OH 44720",12/12/2023,$75.00 ,$75.75 ,40 GALLON WATER HEATER - NO DIRECT VENT - NO POWER VENT - NATURAL GAS - EXPANSION TANK,JEM Plumbing Inc.,
23NCRP-0322,Plumbing Permit - Residential,"1229 CLINTON AVE SE, NORTH CANTON, OH 44720",12/12/2023,$75.00 ,$75.75 ,REPLACE STACK TO 2ND FLLOR AND MAKE PROPER CONNECTIONS TO EXISTING BATHROOM GROUP,H JACKS PLUMBING & HEATING CO OF MENTOR,
23NCR-0469,Re-Roof - Residential,"815 6TH ST NE, NORTH CANTON, OH 44720",12/13/2023,"$9,000.00 ",$151.50 ,"ROOF - 1 LAYER RMEOVED, NOT OVERLAYED, NOT INSULATED, 4/ 12 PITCH, REPLACE UNDERLAYMENT, DIMENSIONAL SHINGLES",LANDMARK CONSTRUCTION,
23NCR-0480,Re-Roof - Residential,"1130 PITTSBURG AVE NW, NORTH CANTON, OH 44720",12/13/2023,"$11,266.00 ",,"ROOF - 1 LAYER REMOVED, 5/ 9 PITCH, REPLACE UNDERLAYMENT, DIMENSIONAL SHINGLES 
1130-1132",Redesign Roofing Inc.,
23NCRE-0246,Electrical Permit - Residential,"1610 CHADFORD GATE SE, NORTH CANTON, OH 44720",12/13/2023,$75.00 ,$237.47 ,ELECTRIC FOR DECK,COUTO ELECTRICAL CONTRACTING,
23NCRE-0247,Electrical Permit - Residential,"414 10TH ST NE, NORTH CANTON, OH 44720",12/13/2023,$75.00 ,$75.75 ,SERVICE CHANGE,COUTO ELECTRICAL CONTRACTING,
23NCRM-0280,Mechanical Permit - Residential,"1400 PITTSBURG AVE NW, NORTH CANTON, OH 44720",12/13/2023,$75.00 ,$151.50 ,UNIT 1 - FURNACE AND AIR CONDITIONING,,
23NCRP-0272,Plumbing Permit - Residential,"893 BRAEMAR CIR NE, NORTH CANTON, OH 44720",12/13/2023,"$507,000.00 ",$452.28 ,NEW SINGLE FAMILY,COUNTRYSIDE PLUMBING,
23NCRP-0323,Plumbing Permit - Residential,"505 BRIAR AVE NE, NORTH CANTON, OH 44720",12/13/2023,$75.00 ,$75.75 ,WATER SERVICE,"Bell Plumbing, LLC",
23NCZ-0213,Fence,"1359 LIPTON AVE SW, NORTH CANTON, OH 44720",12/13/2023,$75.00 ,$75.00 ,FENCE - 6' REAR YARD,Nichols Fence Co.,
23NCCP-0039,Plumbing Permit - Commercial,"940 S MAIN ST, NORTH CANTON, OH 44720",12/14/2023,$75.00 ,$77.25 ,"CITY WATER LINE REPLACEMENT
Underground K-Copper water service piping 
Connection fitting package Main full port shut off ball valve 
Concrete removal in building as needed to bring in replacement line. 
Replacement of concrete in building Excavation and rough grade back fill (original spoils)",BUCKEYE PLUMBING,
23NCEN-0100,Sewer Repair,"325 9TH ST NW, NORTH CANTON, OH 44720",12/14/2023,,$75.75 ,SEWER REPAIR,CANTON STARK COUNTY SEWER CLEANING INC,
23NCR-0453,Re-Roof - Residential,"1455 NEW ENGLAND DR SE, NORTH CANTON, OH 44720",12/14/2023,"$12,250.00 ",$303.00 ,"ROOF - 1 LAYER REMOVED, NOT OVERLAYED, INSULATED, REPLACING UNDERLAYMENT, ASPHALT SHINGLES",UNREGISTERED,
23NCR-0479,Waterproofing - Residential,"520 10TH ST NE, NORTH CANTON, OH 44720",12/14/2023,$75.00 ,$176.75 ,INSTALL FOOTER DRAIN ALONG LEFT SIDE OF HOUSE,,
23NCRM-0281,Mechanical Permit - Residential,"805 APPLEGROVE ST NW APT 504, NORTH CANTON, OH 44720",12/14/2023,$75.00 ,$75.00 ,WATER HEATER,Forquer Heating & AC,
23NCRP-0324,Plumbing Permit - Residential,"1339 WOODROW ST NW, NORTH CANTON, OH 44720",12/14/2023,$75.00 ,$75.75 ,"REPLACE CITY WATER LINE FROM CURB BOX TO INTERIOR.  RELOCATE METER.  INSIDE SHUT OFF, CUT INTO SIDEWALK",BUCKEYE PLUMBING,
23NCZ-0216,Fence,"121 7TH ST NE, NORTH CANTON, OH 44720",12/14/2023,"$16,500.00 ",$150.00 ,6 FT SIDE AND REAR YARD FENCE,MAPLE VALLEY FENCE & EXTERIORS LLC,
23NCZ-0217,Fence,"462 WILLAMAN AVE NW, NORTH CANTON, OH 44720",12/14/2023,"$7,000.00 ",$75.00 ,6' REAR YARD VINYL FENCE,OHIO OUTDOOR SOLUTIONS,
23NCRD-0019,Demolition,"341 HEATHERWOOD ST SW, NORTH CANTON, OH 44720",12/15/2023,$150.00 ,$150.00 ,DEMO OF SINGLE FAMILY HOME,CARTER CONSTRUCTION & CONTRACTING LLC,
23NCRE-0248,Electrical Permit - Residential,"1670 ASHFORD CIR NE, NORTH CANTON, OH 44720",12/15/2023,$75.00 ,$75.75 ,BASEMENT LIGHTING,HALL'S ELECTRICAL SERVICE LLC,
22NCRM-0157,Mechanical Permit - Residential,"900 GLENWOOD ST SW NORTH, NORTH CANTON, OH 44720",12/18/2023,$75.00 ,$75.75 ,REPLACEMENT AIR CONDITIONING,,
23NCRM-0279,Mechanical Permit - Residential,"607 APPLEGROVE ST NW, NORTH CANTON, OH 44720",12/18/2023,$75.00 ,$75.75 ,UNITS 607-609 REMOVE VALVE/CHECK FOR LEAKS/CHECK WATER HEATER/CHECK WORK DONE BY OTHERS,THAT HANDYMAN DBA THAT PLUMBER,
23NCEN-0090,Sewer Connection - New,"1290 LONGSHADOW AVE NE, NORTH CANTON, OH 44720",12/20/2023,,"$2,500.00 ",NEW SINGLE FAMILY HOME,,
23NCCM-0047,Mechanical Permit - Commercial,"715 WHITTIER AVE NW, NORTH CANTON, OH 44720",12/21/2023,$150.00 ,$618.00 ,"2 - 7.5 TONS FOR GYM, 1 - 4 TON FOR OFFICES, 1 - 2 TON FOR ROOM BEHIND STAGE",S.A. COMUNALE CO,
23NCEN-0055,New Water Service - Within City Limits,"221 APPLEGROVE ST, NORTH CANTON, OH 44720",12/21/2023,,,NEW SGT CLEAN CAR WASH,,
23NCR-0468,Re-Roof - Residential,"703 HARMON ST SW, NORTH CANTON, OH 44720",12/21/2023,$150.00 ,$303.00 ,REROOF. REMOVE 1 LAYER OF EXISTING. REPLACE UNDERLAYMENT,,
23NCRP-0253,Plumbing Permit - Residential,"1330 SHILOH RUN SE, NORTH CANTON, OH 44720",12/21/2023,"$990,000.00 ",$602.57 ,NEW SINGLE FAMILY HOME,RICELAND FLOW CARE,
23NCZ-0214,Sign Permit,"1505 N MAIN ST, NORTH CANTON, OH 44720",12/27/2023,$75.00 ,$600.00 ,FREESTANDING SITE/MARQUEE DEVELOPMENT SIGNS,ARCHER SIGN CORPORATION,
23NCZ-0215,Sign Permit,"1505 N MAIN ST, NORTH CANTON, OH 44720",12/27/2023,$100.00 ,$500.00 ,BUILDING GRAPHICS,ARCHER SIGN CORPORATION,
